;user_id;neurotizismusCategory;extraversionCategory;offenheitCategory;vertraeglichkeitCategory;gewissenhaftigkeitCategory
0;5583e52e7a68616fe90000ba;1,0;0,0;1,0;0,0;1,0
1;5583e5417a68616fe90001e5;0,0;0,0;1,0;0,0;0,0
2;5583e5477a68616fe900027b;0,0;1,0;1,0;0,0;0,0
3;5583e5da7a68616fe9001d1f;1,0;1,0;1,0;1,0;0,0
4;5583e61d7a68616fe9002cd0;1,0;1,0;1,0;0,0;0,0
5;5583e6357a68616fe9003123;0,0;1,0;1,0;1,0;1,0
6;5583e7167a68616fe9005d93;1,0;1,0;1,0;0,0;0,0
7;5583e7b27a68616fe9007d5f;0,0;1,0;0,0;1,0;1,0
8;5583e7b57a68616fe9007dff;1,0;1,0;1,0;1,0;1,0
9;5583e7c67a68616fe90081a5;1,0;0,0;1,0;1,0;1,0
10;5583e81a7a68616fe900945d;1,0;0,0;0,0;1,0;1,0
11;5583e82f7a68616fe90099ae;0,0;0,0;1,0;1,0;1,0
12;5583e8e47a68616fe900bd97;0,0;1,0;0,0;0,0;1,0
13;5583e8f77a68616fe900c1e3;1,0;0,0;0,0;1,0;1,0
14;5583e8f87a68616fe900c22d;0,0;1,0;1,0;0,0;1,0
15;5583e9007a68616fe900c47a;0,0;0,0;1,0;0,0;0,0
16;5583e9087a68616fe900c618;0,0;0,0;0,0;1,0;1,0
17;5583e90f7a68616fe900c824;0,0;1,0;1,0;1,0;1,0
18;5583ea127a68616fe90101d3;1,0;1,0;1,0;1,0;1,0
19;5583ea367a68616fe90109f5;0,0;1,0;1,0;1,0;1,0
20;5583eaae7a68616fe9012262;0,0;1,0;1,0;0,0;1,0
21;5583eaba7a68616fe9012402;0,0;1,0;0,0;1,0;1,0
22;5583eb377a68616fe90138a8;1,0;0,0;0,0;1,0;0,0
23;5583ed037a68616fe9018d75;1,0;0,0;1,0;0,0;0,0
24;5583edef7a68616fe901bcda;1,0;0,0;0,0;0,0;0,0
25;5583ee207a68616fe901c2c2;0,0;1,0;0,0;0,0;0,0
26;5583ee557a68616fe901c9ee;1,0;0,0;0,0;1,0;1,0
27;5583ee667a68616fe901cc4d;0,0;1,0;1,0;0,0;0,0
28;5583efa17a68616fe90203bd;0,0;1,0;1,0;0,0;0,0
29;5583f01d7a68616fe9021c9a;0,0;1,0;0,0;0,0;1,0
30;5583f0457a68616fe90223ab;0,0;0,0;1,0;1,0;1,0
31;5583f0e37a68616fe90244ae;1,0;0,0;1,0;1,0;0,0
32;55f6927d9f168a4028000001;0,0;0,0;1,0;0,0;1,0
33;56160cc69f168a6acc000069;0,0;1,0;0,0;0,0;1,0
34;563253339f168a735f000000;1,0;0,0;1,0;1,0;0,0
35;5633308f9f168a5af700003c;1,0;0,0;1,0;1,0;1,0
36;564348849f168a3d720001c9;1,0;1,0;1,0;1,0;0,0
37;565f0fce9f168a392300022b;1,0;1,0;0,0;1,0;1,0
38;567e95119f168a4826000000;1,0;1,0;1,0;1,0;0,0
39;568683df9f168a3186000202;1,0;1,0;1,0;1,0;1,0
40;56ba1b8d9f168a1cf900004f;1,0;0,0;1,0;1,0;0,0
41;56e5395c9f168a1ac500020c;1,0;0,0;1,0;1,0;1,0
42;56e6aee29f168a5154000004;0,0;0,0;1,0;1,0;0,0
43;57ed759005b8c528afcb85ca;0,0;1,0;1,0;1,0;0,0
44;57f0f77505b8c5016066c9b0;0,0;0,0;0,0;1,0;1,0
45;5827136a05b8c50b38c2ed32;0,0;0,0;0,0;1,0;1,0
46;5861110a05b8c56bfc398133;0,0;1,0;1,0;1,0;1,0
47;587fa45805b8c51c4e0b17aa;1,0;1,0;1,0;1,0;1,0
48;58948e0c05b8c55c6a1aa3f9;0,0;1,0;1,0;1,0;1,0
49;58984d4705b8c55356f55473;0,0;0,0;0,0;1,0;0,0
50;58a159c305b8c534c2dd096a;1,0;1,0;1,0;0,0;1,0
51;58b961e205b8c538fcee1e96;1,0;0,0;0,0;0,0;0,0
52;58c7d1c705b8c563d31d0079;0,0;0,0;0,0;1,0;0,0
53;59120ea105b8c54573ea7a60;0,0;0,0;1,0;1,0;0,0
54;591304cc05b8c55e9a2995b0;0,0;1,0;1,0;1,0;1,0
55;595de52105b8c51c4f2fc5a6;0,0;1,0;1,0;0,0;1,0
56;5989f7e505b8c54a15080be9;0,0;0,0;1,0;0,0;1,0
57;5990ab9005b8c50292f69e32;0,0;0,0;0,0;0,0;1,0
58;59c4d24c05b8c5325e224c45;1,0;0,0;1,0;0,0;0,0
59;59cb8d7d05b8c55661b1207e;1,0;1,0;1,0;1,0;0,0
60;5a0ee8a005b8c5141aa471f1;0,0;0,0;1,0;1,0;0,0
61;5a105ca005b8c5737e894ada;1,0;0,0;0,0;0,0;0,0
62;5a1686fa05b8c5074c49c26a;0,0;1,0;0,0;1,0;0,0
63;5a1fc3c405b8c5066b5c58e0;0,0;0,0;1,0;1,0;0,0
64;5a2bee1105b8c51a9e0db0f4;0,0;1,0;0,0;0,0;1,0
65;5a2e637305b8c505c2fa8df9;1,0;0,0;0,0;0,0;0,0
66;5a5a871105b8c553e9ce83af;1,0;0,0;0,0;1,0;0,0
67;5a5bb13505b8c55957109d50;0,0;1,0;1,0;1,0;0,0
68;5a92be9005b8c53cf6a4a031;0,0;1,0;1,0;1,0;0,0
69;5a942e9405b8c527e79ec10d;0,0;0,0;1,0;0,0;0,0
70;5a97e78605b8c56d80e978cb;1,0;1,0;1,0;1,0;0,0
71;5aa656fb05b8c53eefd5f825;0,0;1,0;0,0;1,0;1,0
72;5aa6770005b8c50b621ca4e9;1,0;1,0;0,0;1,0;1,0
73;5acc836e05b8c5369b906ba8;1,0;1,0;0,0;1,0;0,0
74;5b0b11ce05b8c5308a2d326a;1,0;0,0;1,0;0,0;0,0
75;5b0c11d805b8c5626de95930;1,0;0,0;1,0;0,0;1,0
76;5b0ce6f205b8c53f8ddfddaa;1,0;0,0;1,0;0,0;1,0
77;5b1acdbb05b8c537f205643e;0,0;0,0;0,0;1,0;0,0
78;5b23619805b8c55dd2940867;1,0;1,0;1,0;0,0;1,0
79;5b3268ef05b8c546ff365c86;1,0;0,0;0,0;0,0;0,0
80;5b4841a505b8c54620301b7c;1,0;0,0;1,0;1,0;1,0
81;5b4f14b705b8c50340a5fe96;0,0;1,0;0,0;0,0;0,0
82;5b5f36d005b8c55a9bdaa2bb;0,0;1,0;0,0;0,0;0,0
83;5b72c18605b8c536825d3419;1,0;0,0;1,0;1,0;0,0
84;5b8e56e605b8c504e037bbe2;0,0;1,0;1,0;0,0;0,0
85;5baa6dc405b8c52c8e4e11e9;0,0;0,0;0,0;0,0;0,0
86;5bb7bc3905b8c529854dbcde;0,0;1,0;0,0;1,0;1,0
87;5bc5c12605b8c53b4ff746a3;1,0;0,0;0,0;1,0;1,0
88;5bc7374c05b8c50241f26bd7;1,0;0,0;0,0;0,0;1,0
89;5bcc5e8105b8c565b7a2f42f;0,0;1,0;0,0;0,0;1,0
90;5bcd5d3505b8c50f6399e2e3;0,0;1,0;0,0;0,0;1,0
91;5bd1585805b8c52a505eadf7;1,0;0,0;0,0;1,0;1,0
92;5bd1ddd405b8c52a505ebdd4;0,0;1,0;1,0;0,0;1,0
93;5bd2d46105b8c53cb892ba10;1,0;0,0;0,0;0,0;1,0
94;5bd5fa2305b8c5297ee3667b;0,0;0,0;0,0;1,0;0,0
95;5bd6c93c05b8c53192dc8883;1,0;0,0;1,0;1,0;1,0
96;5bd7505c05b8c53192dc904e;0,0;1,0;1,0;0,0;1,0
97;5bdd5c9c05b8c56b3efd9326;1,0;1,0;1,0;1,0;0,0
98;5bdd5d3205b8c56b3efd9329;0,0;1,0;0,0;0,0;1,0
99;5bdd93c805b8c56b3efd9599;1,0;1,0;1,0;0,0;1,0
100;5bdebc5d05b8c518b4d50932;0,0;0,0;0,0;1,0;0,0
101;5be03e2f05b8c53f5ff7154c;0,0;1,0;0,0;0,0;1,0
102;5be4a60905b8c578639e3f56;0,0;0,0;0,0;0,0;0,0
103;5be5d91f05b8c568fad493f7;0,0;0,0;1,0;1,0;0,0
104;5be888f205b8c57fe92ba9dc;0,0;1,0;0,0;0,0;1,0
105;5beb48fb05b8c54e70a868e5;0,0;1,0;1,0;1,0;1,0
106;5bee8eea05b8c56863fca3ff;0,0;1,0;1,0;0,0;1,0
107;5c1c8d739fdb053328587e72;1,0;1,0;1,0;0,0;1,0
108;5c3dc4699fdb0561021595df;1,0;1,0;0,0;0,0;0,0
109;5c439e0c9fdb053dedcfcf2b;1,0;0,0;1,0;0,0;0,0
110;5c486dd79fdb0503184fc4b3;0,0;1,0;1,0;0,0;0,0
111;5c4f30ff9fdb0501ec3af6c1;0,0;1,0;0,0;1,0;1,0
112;5c4f31019fdb0501ec3af6c8;0,0;1,0;0,0;1,0;1,0
113;5c4f31029fdb0501ec3af6cc;0,0;0,0;0,0;0,0;0,0
114;5c4f31039fdb0501ec3af6d0;1,0;0,0;0,0;1,0;0,0
115;5c6a57e89fdb0539ddb1806b;0,0;0,0;1,0;0,0;1,0
116;5c6d59209fdb052bd4e50fd1;1,0;0,0;1,0;0,0;0,0
117;5c6e7fa29fdb052302c38e58;1,0;1,0;0,0;1,0;0,0
118;5c6fdb449fdb05080adafd49;1,0;1,0;1,0;1,0;1,0
119;5c713fc89fdb054f664bb86f;0,0;1,0;0,0;1,0;1,0
120;5c75a4b09fdb053414aa71e1;1,0;1,0;1,0;1,0;0,0
121;5c76344e9fdb054ecf545000;0,0;1,0;0,0;1,0;1,0
122;5c769a849fdb05277034bd06;1,0;0,0;0,0;1,0;0,0
123;5c769d2e9fdb05277034bd62;1,0;0,0;0,0;0,0;0,0
124;5c76a5589fdb05277034bd96;0,0;1,0;1,0;0,0;1,0
125;5c76a8fa9fdb05277034bdf3;1,0;1,0;1,0;0,0;0,0
126;5c76a9339fdb05277034bdf6;1,0;0,0;0,0;0,0;0,0
127;5c76bcc39fdb05277034beef;1,0;0,0;0,0;1,0;0,0
128;5c77a4e99fdb055ae884b3fd;1,0;0,0;1,0;1,0;1,0
129;5c77e2489fdb0505891cc9c7;0,0;1,0;0,0;0,0;0,0
130;5c791f009fdb0576d57ea8d1;0,0;1,0;0,0;1,0;1,0
131;5c7941e79fdb0576d57ea994;0,0;1,0;0,0;0,0;0,0
132;5c7aa8029fdb0535ce0291ff;1,0;0,0;0,0;1,0;0,0
133;5c7cbb9f9fdb055f1d9674b6;0,0;0,0;0,0;0,0;1,0
134;5c7cdea19fdb055f1d967599;0,0;1,0;1,0;0,0;0,0
135;5c7d0faa9fdb055f1d9677e3;1,0;0,0;0,0;0,0;0,0
136;5c7d19b79fdb055f1d96799e;1,0;1,0;1,0;1,0;0,0
137;5c7d240b9fdb055f1d967c84;1,0;1,0;1,0;0,0;0,0
138;5c7d2bb69fdb055f1d967da8;1,0;1,0;1,0;0,0;0,0
139;5c7d337e9fdb055f1d967ee0;1,0;1,0;0,0;0,0;1,0
140;5c7e437f9fdb051e4da4d9b1;1,0;0,0;0,0;0,0;1,0
141;5c7e482e9fdb051e4da4d9da;0,0;0,0;1,0;1,0;1,0
142;5c7e95e19fdb051e4da4dd69;1,0;0,0;0,0;1,0;1,0
143;5c7e9d4e9fdb051e4da4ddbd;0,0;0,0;0,0;0,0;0,0
144;5c8004649fdb055d42a66d1a;0,0;1,0;1,0;1,0;1,0
145;5c82b2629fdb0557cbeea044;0,0;1,0;1,0;1,0;1,0
146;5c83c86c9fdb057d6b5d18c8;0,0;1,0;0,0;1,0;1,0
147;5c852f559fdb051885d0f1d9;1,0;1,0;1,0;1,0;1,0
148;5c862d189fdb0562bc92a760;0,0;0,0;0,0;0,0;0,0
149;5c86a85a9fdb051fc6cf05ef;1,0;0,0;0,0;0,0;1,0
150;5c87a1619fdb052788f2b0aa;0,0;0,0;1,0;1,0;1,0
151;5c880e769fdb052788f2b6ad;1,0;0,0;0,0;1,0;1,0
152;5c887a5d9fdb052788f2b908;1,0;1,0;1,0;0,0;0,0
153;5c88b02a9fdb057ad3349053;1,0;1,0;1,0;1,0;0,0
154;5c88ff939fdb05067a683d6b;0,0;1,0;1,0;1,0;1,0
155;5c89060e9fdb05067a683fb9;1,0;1,0;0,0;0,0;0,0
156;5c8906259fdb05067a683fc4;0,0;0,0;0,0;1,0;0,0
157;5c8911869fdb05067a684245;0,0;0,0;1,0;1,0;0,0
158;5c8922cc9fdb05067a6842a1;1,0;1,0;1,0;1,0;1,0
159;5c89ed4d9fdb05381b3ad825;1,0;0,0;1,0;1,0;0,0
160;5c8a257f9fdb05381b3ada4f;1,0;1,0;0,0;0,0;0,0
161;5c8a266b9fdb05381b3ada68;1,0;0,0;0,0;0,0;0,0
162;5c8a981b9fdb056797c02dc7;0,0;1,0;0,0;0,0;1,0
163;5c8b4f009fdb0540f29b7814;0,0;0,0;0,0;0,0;1,0
164;5c8b73f49fdb0540f29b7b04;0,0;1,0;1,0;1,0;0,0
165;5c8b99859fdb0540f29b7d5e;1,0;0,0;0,0;0,0;0,0
166;5c8cc6049fdb0569eca1c9ec;1,0;0,0;1,0;1,0;1,0
167;5c8d1d2f9fdb0569eca1d00c;1,0;0,0;0,0;0,0;0,0
168;5c9159109fdb054c77715dca;0,0;1,0;1,0;1,0;1,0
169;5c9334c09fdb05101b9d47ad;1,0;0,0;0,0;0,0;1,0
170;5c9362199fdb05101b9d48d2;0,0;1,0;1,0;0,0;1,0
171;5c93b8ea9fdb05101b9d4e58;1,0;0,0;0,0;1,0;0,0
172;5c9542b09fdb053780122da7;1,0;0,0;1,0;1,0;1,0
173;5c9544cb9fdb053780122ddf;0,0;1,0;1,0;1,0;1,0
174;5c9558a19fdb053780122eaf;1,0;1,0;1,0;1,0;0,0
175;5c9796719fdb050bc3acfe31;1,0;0,0;0,0;0,0;0,0
176;5c97e33f9fdb050bc3ad00f7;0,0;1,0;0,0;1,0;1,0
177;5c98763d9fdb05239021eb5d;0,0;1,0;0,0;0,0;1,0
178;5c98a27c9fdb05239021ed46;1,0;0,0;0,0;1,0;1,0
179;5c98af4d9fdb05239021efab;1,0;1,0;0,0;0,0;0,0
180;5c98afa99fdb05239021efac;1,0;1,0;1,0;0,0;1,0
181;5c98e16e9fdb05239021f420;1,0;1,0;0,0;1,0;0,0
182;5c98ef659fdb05239021f67e;0,0;0,0;1,0;0,0;1,0
183;5c992d209fdb05239021f7c3;0,0;1,0;1,0;1,0;1,0
184;5c9a052a9fdb050adab8aff5;1,0;0,0;1,0;1,0;0,0
185;5c9b73b99fdb0575c37bd679;0,0;1,0;1,0;0,0;0,0
186;5c9b8cd59fdb0575c37bd920;0,0;1,0;1,0;1,0;1,0
187;5c9b8cd69fdb0575c37bd924;0,0;0,0;0,0;0,0;0,0
188;5c9b8cd79fdb0575c37bd928;0,0;1,0;0,0;0,0;1,0
189;5c9b8cd99fdb0575c37bd930;0,0;1,0;1,0;0,0;0,0
190;5c9b8cda9fdb0575c37bd934;0,0;0,0;0,0;0,0;1,0
191;5c9b8cdb9fdb0575c37bd938;0,0;1,0;1,0;0,0;1,0
192;5c9b8cdc9fdb0575c37bd93c;0,0;1,0;1,0;0,0;0,0
193;5c9b8cdd9fdb0575c37bd940;1,0;1,0;0,0;1,0;1,0
194;5c9b8cde9fdb0575c37bd944;0,0;0,0;0,0;1,0;1,0
195;5c9b974a9fdb0575c37bd94c;0,0;1,0;1,0;1,0;0,0
196;5c9bb4a79fdb0575c37bdbbf;0,0;0,0;0,0;0,0;0,0
197;5c9c7cd29fdb051b92f235b6;0,0;1,0;1,0;0,0;1,0
198;5c9cbbad9fdb051b92f23934;0,0;1,0;1,0;1,0;1,0
199;5c9cf6b29fdb051b92f23eb3;1,0;0,0;0,0;0,0;0,0
200;5c9cf8559fdb051b92f23f0a;0,0;0,0;0,0;1,0;0,0
201;5c9cfb739fdb051b92f23f10;1,0;1,0;1,0;1,0;1,0
202;5c9cfbd99fdb051b92f23f16;0,0;1,0;0,0;0,0;0,0
203;5c9cfc229fdb051b92f23f1c;0,0;0,0;0,0;0,0;0,0
204;5c9cfc8c9fdb051b92f23f22;1,0;1,0;1,0;1,0;1,0
205;5c9cfcca9fdb051b92f23f28;0,0;1,0;1,0;1,0;1,0
206;5c9cfd0d9fdb051b92f23f2e;0,0;0,0;0,0;0,0;1,0
207;5c9cfd4a9fdb051b92f23f34;1,0;1,0;1,0;1,0;1,0
208;5c9cfd829fdb051b92f23f3a;0,0;1,0;0,0;0,0;0,0
209;5c9d060c9fdb051b92f23f40;1,0;0,0;0,0;1,0;0,0
210;5c9d0b709fdb051b92f23fb1;1,0;0,0;1,0;0,0;0,0
211;5c9de2cc9fdb0542a2459fc7;0,0;1,0;0,0;1,0;1,0
212;5c9e47479fdb0542a245a93f;1,0;1,0;1,0;1,0;0,0
213;5ca1cc889fdb0564646d7df0;1,0;0,0;0,0;0,0;0,0
214;5ca2139c9fdb0564646d87a9;0,0;1,0;1,0;0,0;1,0
215;5ca218759fdb0564646d87e8;0,0;1,0;1,0;0,0;0,0
216;5ca46dea9fdb0524203354e0;0,0;1,0;0,0;0,0;0,0
217;5ca4d5259fdb052420335959;0,0;1,0;0,0;1,0;1,0
218;5ca5cffa9fdb0551665bcd5f;0,0;1,0;0,0;0,0;0,0
219;5ca5fcec9fdb0551665bceeb;0,0;0,0;0,0;1,0;1,0
220;5ca743729fdb057bfe9f91d2;0,0;1,0;0,0;0,0;1,0
221;5ca785369fdb057bfe9f95d3;0,0;1,0;1,0;0,0;0,0
222;5ca791d29fdb057bfe9f9737;1,0;0,0;0,0;1,0;0,0
223;5caa31579fdb052f224daaad;0,0;0,0;1,0;1,0;1,0
224;5cab21749fdb054d045b75c5;1,0;0,0;1,0;1,0;1,0
225;5cabaf799fdb054d045b814a;0,0;1,0;1,0;1,0;0,0
226;5cac35a49fdb0575b08758f2;1,0;0,0;0,0;1,0;0,0
227;5cac40599fdb0575b087593b;0,0;1,0;1,0;0,0;1,0
228;5cac64af9fdb0575b0875d6c;1,0;0,0;0,0;0,0;0,0
229;5cac6d6f9fdb0575b0875e06;1,0;0,0;0,0;0,0;0,0
230;5cac8ba89fdb0575b08760ec;0,0;0,0;1,0;1,0;1,0
231;5cac93a19fdb0575b0876273;0,0;1,0;0,0;0,0;1,0
232;5cacb3279fdb0575b0876369;0,0;0,0;0,0;0,0;1,0
233;5cacf2649fdb0575b08765dc;0,0;0,0;0,0;1,0;1,0
234;5cadad359fdb05517db4c583;0,0;1,0;1,0;1,0;0,0
235;5cadda7f9fdb05517db4cbea;1,0;1,0;0,0;0,0;0,0
236;5cadf3cb9fdb05517db4cee2;0,0;1,0;0,0;0,0;1,0
237;5caed9779fdb057608ca5050;0,0;0,0;0,0;0,0;1,0
238;5caee77b9fdb057608ca512a;0,0;0,0;1,0;1,0;1,0
239;5caf72b09fdb057608ca5c4f;1,0;0,0;0,0;1,0;0,0
240;5cb01fbf9fdb051c8e89413f;0,0;1,0;1,0;0,0;1,0
241;5cb0415b9fdb051c8e89423e;1,0;0,0;0,0;0,0;0,0
242;5cb0619d9fdb051c8e894365;0,0;0,0;0,0;1,0;0,0
243;5cb0705d9fdb051c8e894459;0,0;1,0;0,0;1,0;1,0
244;5cb0c5a09fdb051c8e89478b;0,0;1,0;1,0;0,0;1,0
245;5cb18e339fdb053acf8a9a03;1,0;0,0;0,0;1,0;0,0
246;5cb1c38a9fdb053acf8a9c6a;0,0;1,0;0,0;0,0;1,0
247;5cb2d4359fdb055747ea689f;1,0;0,0;1,0;0,0;1,0
248;5cb422be9fdb0501e57bce34;1,0;1,0;1,0;1,0;1,0
249;5cb436a49fdb0501e57bcfd6;0,0;1,0;1,0;0,0;0,0
250;5cb4606a9fdb0501e57bd379;1,0;1,0;0,0;1,0;0,0
251;5cb4efab9fdb0501e57bd82b;0,0;1,0;0,0;0,0;1,0
252;5cb57df69fdb0522bfa5debf;0,0;1,0;1,0;1,0;0,0
253;5cb57f389fdb0522bfa5df0c;1,0;0,0;0,0;1,0;0,0
254;5cb58dba9fdb0522bfa5df2d;1,0;0,0;1,0;1,0;0,0
255;5cb5a4e79fdb0522bfa5e1fb;1,0;0,0;1,0;1,0;1,0
256;5cb618c49fdb0522bfa5e943;1,0;0,0;1,0;0,0;0,0
257;5cb713ce9fdb051539b207b5;0,0;1,0;1,0;0,0;1,0
258;5cb714d69fdb051539b207bd;1,0;0,0;1,0;1,0;1,0
259;5cb738219fdb0547af31d1c8;1,0;1,0;1,0;1,0;1,0
260;5cb770ae9fdb054ad9a2badd;1,0;1,0;0,0;0,0;0,0
261;5cbf001c9fdb0578c60512d4;1,0;0,0;0,0;0,0;0,0
262;5cc013c79fdb054041c87f3f;0,0;0,0;0,0;0,0;1,0
263;5cc054d69fdb054041c88414;1,0;1,0;1,0;1,0;0,0
264;5cc08f259fdb054041c886eb;1,0;0,0;0,0;0,0;0,0
265;5cc0b6cf9fdb054041c88896;1,0;1,0;0,0;1,0;0,0
266;5cc2b9d89fdb0546daeb5c73;0,0;1,0;1,0;1,0;1,0
267;5cc302c89fdb053d443e2fb0;1,0;0,0;0,0;1,0;0,0
268;5cc329769fdb053d443e3064;1,0;0,0;1,0;0,0;0,0
269;5cc577bf9fdb053dce048b5a;1,0;0,0;1,0;1,0;1,0
270;5cc579dc9fdb053dce048b67;1,0;0,0;1,0;0,0;1,0
271;5cc5f6189fdb053dce049561;0,0;0,0;0,0;0,0;1,0
272;5cc6a50a9fdb055ae9f41384;1,0;0,0;0,0;1,0;0,0
273;5cc6ead69fdb055ae9f41933;0,0;0,0;0,0;0,0;1,0
274;5cc6eafd9fdb055ae9f41934;1,0;0,0;1,0;1,0;0,0
275;5cc705999fdb055ae9f41ad8;0,0;1,0;0,0;1,0;1,0
276;5cc766159fdb055ae9f41da2;0,0;1,0;0,0;1,0;0,0
277;5cc7fc589fdb055a1b5104cf;0,0;1,0;1,0;0,0;1,0
278;5cc83bf89fdb055a1b5107d4;0,0;1,0;1,0;1,0;1,0
279;5cc9aade9fdb0560d17f2ec1;1,0;1,0;1,0;0,0;1,0
280;5cc9b7619fdb0560d17f30b0;0,0;0,0;0,0;0,0;0,0
281;5cca8b6f9fdb05750a5ea2e7;1,0;0,0;1,0;0,0;1,0
282;5ccafd749fdb05750a5ead21;0,0;1,0;0,0;0,0;1,0
283;5ccb124f9fdb05750a5eaf34;0,0;1,0;1,0;0,0;1,0
284;5ccc0a4d9fdb055b87c7eecf;0,0;1,0;0,0;0,0;0,0
285;5ccc6c419fdb055b87c7f98b;1,0;1,0;1,0;0,0;0,0
286;5ccdf0199fdb057882261fb0;1,0;0,0;0,0;1,0;0,0
287;5cced2aa9fdb0520eb75cb60;0,0;0,0;0,0;0,0;1,0
288;5ccfd38a9fdb05391c94f49a;0,0;1,0;0,0;0,0;0,0
289;5ccfd3f09fdb05391c94f4a2;0,0;0,0;0,0;0,0;1,0
290;5ccfe4999fdb05391c94f6e3;0,0;1,0;0,0;1,0;0,0
291;5ccfec4a9fdb05391c94f7a8;0,0;1,0;0,0;0,0;1,0
292;5cd01c409fdb05391c94fc7c;1,0;0,0;0,0;1,0;0,0
293;5cd0259b9fdb05391c94fced;1,0;0,0;1,0;0,0;1,0
294;5cd0449f9fdb05391c94ffa5;0,0;0,0;1,0;0,0;0,0
295;5cd04f9b9fdb05391c950124;0,0;1,0;0,0;1,0;1,0
296;5cd0592c9fdb05391c95022f;0,0;0,0;0,0;0,0;0,0
297;5cd13f689fdb0560357ef0f4;0,0;0,0;1,0;0,0;1,0
298;5cd146fc9fdb0560357ef171;1,0;1,0;1,0;0,0;1,0
299;5cd157519fdb0560357ef1be;0,0;1,0;1,0;1,0;1,0
300;5cd311109fdb052522573a3c;0,0;0,0;1,0;1,0;1,0
301;5cd321309fdb052522573ad1;1,0;0,0;0,0;0,0;0,0
302;5cd3e8a99fdb052e09a21e61;0,0;1,0;1,0;1,0;1,0
303;5cd53c8f9fdb057b84458ee0;0,0;0,0;0,0;1,0;1,0
304;5cd5cf249fdb057b844596d0;1,0;0,0;0,0;1,0;1,0
305;5cd6b22f9fdb051c6214e368;1,0;1,0;1,0;1,0;1,0
306;5cd708429fdb051c6214e763;1,0;0,0;1,0;1,0;1,0
307;5cd82f0b9fdb0578e7665622;0,0;1,0;0,0;1,0;0,0
308;5cd9414e9fdb05231c9ff834;0,0;0,0;0,0;0,0;0,0
309;5cd9689e9fdb05590407444c;0,0;1,0;0,0;0,0;1,0
310;5cd976639fdb055904074701;0,0;0,0;0,0;0,0;0,0
311;5cd983659fdb05590407483d;1,0;1,0;1,0;1,0;0,0
312;5cda6b539fdb054efe2ef312;1,0;1,0;1,0;1,0;0,0
313;5cdab6579fdb054efe2effe8;0,0;0,0;0,0;0,0;1,0
314;5cdbbfd29fdb057bd4724f54;1,0;0,0;0,0;1,0;0,0
315;5cdc13579fdb052e16798191;0,0;1,0;0,0;1,0;1,0
316;5cdc375e9fdb052e16798483;0,0;1,0;1,0;1,0;1,0
317;5cdc3bda9fdb052e16798503;0,0;1,0;1,0;0,0;1,0
318;5cdc5ee89fdb052e1679850e;1,0;0,0;0,0;1,0;0,0
319;5cdc82be9fdb052e16798863;1,0;0,0;0,0;0,0;1,0
320;5cdd40c49fdb0525fa6a8f44;0,0;1,0;1,0;0,0;1,0
321;5cdd68369fdb0525fa6a95f3;1,0;0,0;1,0;0,0;0,0
322;5cde484c9fdb05155d2129a0;1,0;1,0;0,0;0,0;0,0
323;5cdea5119fdb054890cc7dae;1,0;0,0;0,0;1,0;1,0
324;5cdeb8bb9fdb054890cc7eef;0,0;0,0;0,0;1,0;1,0
325;5cdebe459fdb054890cc7f9b;0,0;1,0;0,0;0,0;0,0
326;5ce016bf9fdb0537deaebe71;1,0;0,0;0,0;1,0;1,0
327;5ce132959fdb0562d6c37cea;1,0;1,0;1,0;1,0;1,0
328;5ce13a4b9fdb0562d6c37d56;0,0;1,0;1,0;0,0;0,0
329;5ce151af9fdb0562d6c37f64;1,0;0,0;0,0;0,0;0,0
330;5ce189f39fdb0562d6c38226;0,0;1,0;1,0;1,0;0,0
331;5ce257309fdb05790d8acfd5;1,0;0,0;1,0;1,0;1,0
332;5ce257a59fdb05790d8acfdc;0,0;1,0;1,0;1,0;0,0
333;5ce263b89fdb05790d8ad243;0,0;1,0;1,0;1,0;1,0
334;5ce29b4c9fdb05790d8ad838;0,0;0,0;1,0;1,0;0,0
335;5ce2d4509fdb05790d8adba4;1,0;1,0;1,0;1,0;1,0
336;5ce2e5409fdb05790d8addeb;0,0;1,0;1,0;1,0;1,0
337;5ce2e7969fdb05790d8ade40;0,0;1,0;1,0;0,0;0,0
338;5ce2f0609fdb05790d8ae144;0,0;0,0;1,0;1,0;0,0
339;5ce305fb9fdb05790d8ae18f;1,0;1,0;1,0;1,0;1,0
340;5ce39cfa9fdb0522139eb2df;0,0;0,0;1,0;0,0;1,0
341;5ce3c4599fdb0522139eb69b;1,0;1,0;1,0;0,0;0,0
342;5ce3ce909fdb0522139ebd5a;1,0;0,0;1,0;1,0;1,0
343;5ce3fa409fdb0522139ec140;0,0;1,0;1,0;0,0;0,0
344;5ce402a59fdb0522139ec404;1,0;0,0;1,0;0,0;1,0
345;5ce403059fdb0522139ec423;1,0;0,0;0,0;1,0;1,0
346;5ce412c79fdb0522139ec7f4;1,0;0,0;1,0;1,0;0,0
347;5ce435f79fdb0522139ecc19;0,0;1,0;1,0;0,0;0,0
348;5ce43c859fdb0522139ecd20;1,0;0,0;1,0;1,0;0,0
349;5ce5637b9fdb0505100b2428;0,0;1,0;0,0;0,0;1,0
350;5ce5ab589fdb0505100b27be;0,0;0,0;0,0;1,0;0,0
351;5ce5b4ee9fdb0505100b28c9;0,0;1,0;1,0;1,0;1,0
352;5ce6936e9fdb05083f61b98c;1,0;0,0;0,0;1,0;0,0
353;5ce6bf8a9fdb05083f61ba95;1,0;0,0;0,0;1,0;0,0
354;5ce6c80b9fdb05083f61bc54;1,0;1,0;1,0;1,0;0,0
355;5ce785e09fdb056a66a57a01;1,0;0,0;0,0;0,0;0,0
356;5cea77359fdb052d4f865ccd;0,0;1,0;1,0;1,0;1,0
357;5ceac73f9fdb052d4f8662f6;1,0;0,0;1,0;1,0;0,0
358;5ceb9a879fdb05496bd2e5fd;0,0;1,0;1,0;0,0;1,0
359;5cebf4ad9fdb05496bd2e888;0,0;1,0;1,0;0,0;1,0
360;5ced22419fdb056a5b3f8080;1,0;1,0;1,0;1,0;1,0
361;5ced2b909fdb056a5b3f8082;1,0;0,0;0,0;0,0;0,0
362;5ced7b989fdb056a5b3f8427;1,0;1,0;1,0;1,0;1,0
363;5ceea9cb9fdb052d0f4c84c3;0,0;0,0;0,0;0,0;0,0
364;5cf12b399fdb05154673c4d8;1,0;0,0;0,0;1,0;1,0
365;5cf142b09fdb05154673c8ab;1,0;0,0;0,0;0,0;1,0
366;5cf383d79fdb0551cbe45434;0,0;1,0;0,0;0,0;1,0
367;5cf3a6a49fdb0551cbe454d3;0,0;1,0;1,0;0,0;1,0
368;5cf4c3b89fdb0571f5d54c48;0,0;0,0;1,0;0,0;1,0
369;5cf4d5ac9fdb0571f5d54da8;0,0;0,0;0,0;1,0;1,0
370;5cf65a8e9fdb05371a757c49;1,0;1,0;1,0;1,0;1,0
371;5cf6740c9fdb05371a757fa4;0,0;1,0;0,0;0,0;1,0
372;5cf6752c9fdb05371a757fba;1,0;0,0;0,0;1,0;1,0
373;5cf7d11a9fdb050886529661;0,0;0,0;1,0;1,0;0,0
374;5cf8e1b29fdb052695461841;1,0;1,0;0,0;0,0;0,0
375;5cf916f79fdb052695461f61;0,0;0,0;0,0;1,0;1,0
376;5cfa089e9fdb05306c12a134;1,0;0,0;1,0;0,0;0,0
377;5cfa932c9fdb05306c12a622;1,0;1,0;1,0;1,0;1,0
378;5cfc10a39fdb05209f3c2894;0,0;0,0;0,0;0,0;1,0
379;5cfe3a869fdb051eea8ef51b;1,0;1,0;1,0;1,0;1,0
380;5cfe5a629fdb051eea8ef765;0,0;1,0;0,0;0,0;1,0
381;5cfe67ed9fdb051eea8ef826;1,0;0,0;1,0;1,0;0,0
382;5cff97dd9fdb0534f1132ce2;0,0;1,0;0,0;0,0;0,0
383;5cff988a9fdb0534f1132ce5;0,0;0,0;1,0;0,0;0,0
384;5cffac249fdb0534f1132fa6;0,0;1,0;0,0;1,0;0,0
385;5cffafa89fdb0534f11330da;1,0;0,0;0,0;0,0;0,0
386;5cffb3c69fdb0534f1133211;0,0;1,0;0,0;0,0;1,0
387;5cfff9139fdb0534f113397d;1,0;0,0;1,0;0,0;0,0
388;5d00c3819fdb053193c713ab;0,0;1,0;1,0;0,0;1,0
389;5d00e4c39fdb053193c715e5;0,0;0,0;1,0;1,0;1,0
390;5d0109159fdb053193c7199d;1,0;0,0;0,0;1,0;1,0
391;5d011af49fdb053193c71aba;0,0;0,0;0,0;1,0;1,0
392;5d0202f19fdb0552e668252a;1,0;1,0;1,0;0,0;1,0
393;5d02376f9fdb0552e66828e3;1,0;0,0;1,0;1,0;1,0
394;5d024b109fdb0552e6682d2c;1,0;0,0;0,0;1,0;0,0
395;5d0260a29fdb0552e66833d4;0,0;1,0;0,0;1,0;0,0
396;5d028cab9fdb0552e66835f1;1,0;0,0;0,0;1,0;1,0
397;5d02aa399fdb0552e66836c9;0,0;1,0;1,0;0,0;0,0
398;5d038d859fdb0574d8b8dbb7;0,0;1,0;1,0;0,0;1,0
399;5d03bf079fdb0574d8b8dd26;1,0;0,0;1,0;1,0;0,0
400;5d03e4389fdb0574d8b8dd6d;1,0;0,0;1,0;0,0;1,0
401;5d050e8d9fdb050bcf5208b8;1,0;0,0;1,0;0,0;1,0
402;5d069c029fdb0504af4ed9ba;1,0;0,0;0,0;1,0;1,0
403;5d0743819fdb055155951198;1,0;1,0;1,0;1,0;0,0
404;5d0772229fdb055155951820;0,0;0,0;0,0;0,0;0,0
405;5d077fe99fdb055155951b13;0,0;1,0;1,0;0,0;0,0
406;5d0782b29fdb055155951cb4;1,0;1,0;0,0;0,0;1,0
407;5d078d079fdb055155952048;1,0;0,0;1,0;1,0;1,0
408;5d07b6029fdb0551559523f3;1,0;0,0;1,0;1,0;1,0
409;5d07d64d9fdb05515595241f;0,0;0,0;0,0;0,0;1,0
410;5d08c9399fdb0510863e3ffb;1,0;0,0;1,0;0,0;0,0
411;5d08d7499fdb0510863e4155;0,0;0,0;0,0;1,0;0,0
412;5d08e9959fdb0510863e4a2a;1,0;1,0;1,0;0,0;0,0
413;5d08ec469fdb0510863e4af7;0,0;1,0;0,0;0,0;1,0
414;5d09f0989fdb0513cbbab336;1,0;1,0;1,0;1,0;1,0
415;5d0a00c49fdb0513cbbab86b;1,0;0,0;0,0;1,0;0,0
416;5d0a203a9fdb0513cbbabb1d;0,0;1,0;1,0;0,0;1,0
417;5d0a7a369fdb0513cbbac01a;0,0;1,0;0,0;0,0;1,0
418;5d0b895a9fdb052bef5783eb;1,0;1,0;1,0;0,0;0,0
419;5d0bb2609fdb052bef5787dc;1,0;0,0;1,0;0,0;0,0
420;5d0ca4469fdb053f3da56cd3;0,0;1,0;0,0;0,0;1,0
421;5d0cc7329fdb053f3da56f62;1,0;0,0;0,0;0,0;0,0
422;5d0ccf469fdb053f3da570ff;0,0;1,0;1,0;1,0;1,0
423;5d10e0209fdb054c286fe43c;0,0;1,0;1,0;0,0;1,0
424;5d1271be9fdb05065238fbaf;1,0;0,0;1,0;1,0;0,0
425;5d135c5c9fdb0558af583518;1,0;0,0;0,0;0,0;0,0
426;5d138a839fdb0558af58395a;1,0;0,0;0,0;0,0;0,0
427;5d14e8ea9fdb05341666b46d;1,0;0,0;0,0;1,0;0,0
428;5d16290e9fdb052d4c8878c5;0,0;0,0;1,0;0,0;1,0
429;5d1638ab9fdb052d4c8878c7;0,0;0,0;0,0;0,0;0,0
430;5d1873179fdb05327d3b575e;1,0;0,0;0,0;1,0;1,0
431;5d1a04dc9fdb0569f5f9c392;1,0;1,0;0,0;1,0;0,0
432;5d1b193c9fdb0506bb61dfbe;1,0;0,0;0,0;0,0;0,0
433;5d1b859f9fdb0506bb61e7c4;1,0;1,0;1,0;0,0;0,0
434;5d1c61c79fdb0568f49c7b67;1,0;0,0;1,0;1,0;0,0
435;5d1c708a9fdb0568f49c7bd0;1,0;0,0;0,0;0,0;1,0
436;5d1cc9a19fdb0568f49c8156;1,0;1,0;0,0;1,0;0,0
437;5d1e0d619fdb056068caa07b;0,0;1,0;1,0;0,0;0,0
438;5d1e4bdf9fdb056068caa37b;1,0;0,0;0,0;0,0;1,0
439;5d1f162d9fdb057e9085e42b;0,0;0,0;0,0;1,0;1,0
440;5d1f47939fdb057e9085e72d;0,0;1,0;1,0;0,0;1,0
441;5d1f47949fdb057e9085e731;0,0;1,0;0,0;1,0;0,0
442;5d1f47969fdb057e9085e735;0,0;0,0;0,0;1,0;1,0
443;5d1f47979fdb057e9085e739;0,0;1,0;1,0;1,0;1,0
444;5d1f47989fdb057e9085e73d;1,0;0,0;1,0;0,0;1,0
445;5d1f47999fdb057e9085e741;0,0;1,0;1,0;0,0;1,0
446;5d1f479b9fdb057e9085e745;0,0;1,0;0,0;1,0;1,0
447;5d1f479c9fdb057e9085e749;0,0;0,0;0,0;1,0;1,0
448;5d1f479d9fdb057e9085e74d;0,0;1,0;1,0;0,0;0,0
449;5d1f92169fdb057e9085ee31;0,0;0,0;0,0;1,0;1,0
450;5d2344889fdb054d47e6d486;1,0;0,0;0,0;0,0;0,0
451;5d2360cc9fdb054d47e6d60d;1,0;0,0;0,0;1,0;1,0
452;5d2437039fdb056e3cc35f6e;1,0;0,0;0,0;1,0;0,0
453;5d24a9e09fdb055b3e885d91;1,0;1,0;1,0;0,0;0,0
454;5d2624d59fdb0533fa060cc5;0,0;0,0;0,0;1,0;0,0
455;5d26d7c99fdb054c25143023;1,0;1,0;0,0;1,0;1,0
456;5d26ed029fdb052912543606;0,0;1,0;1,0;0,0;0,0
457;5d26f0df9fdb052912543651;0,0;1,0;1,0;1,0;1,0
458;5d27386b9fdb052912543cd8;0,0;1,0;1,0;0,0;0,0
459;5d274cc89fdb05778acf41c3;1,0;0,0;1,0;1,0;0,0
460;5d2a4d469fdb051e55016054;0,0;1,0;1,0;0,0;1,0
461;5d2b851b9fdb051495897bae;1,0;0,0;1,0;1,0;1,0
462;5d2c1dd89fdb05335ea2c407;0,0;1,0;1,0;0,0;1,0
463;5d2cb7609fdb0509a7f05349;1,0;0,0;0,0;1,0;0,0
464;5d2cc85b9fdb0509a7f053e2;1,0;1,0;0,0;0,0;0,0
465;5d2d8f439fdb0559b902a324;0,0;1,0;1,0;0,0;0,0
466;5d2dba5a9fdb0559b902a662;0,0;1,0;0,0;1,0;1,0
467;5d2de9d49fdb0559b902aa8c;0,0;1,0;0,0;1,0;1,0
468;5d2ed51b9fdb0511147a3f5c;1,0;0,0;0,0;1,0;1,0
469;5d2ef6999fdb0511147a4178;1,0;1,0;1,0;0,0;0,0
470;5d2efce29fdb0511147a424d;1,0;1,0;0,0;1,0;1,0
471;5d3070b19fdb056a26ad15ef;0,0;1,0;1,0;0,0;1,0
472;5d3425ae9fdb050e68509fa7;0,0;1,0;0,0;1,0;1,0
473;5d34950b9fdb050e6850a3b7;0,0;1,0;1,0;0,0;1,0
474;5d356c089fdb0515a777f832;1,0;0,0;0,0;1,0;1,0
475;5d3596669fdb0515a777fbd8;0,0;0,0;0,0;0,0;1,0
476;5d35b1659fdb0515a777fd75;0,0;1,0;1,0;1,0;1,0
477;5d36f3729fdb0536ce9a4914;0,0;1,0;1,0;1,0;1,0
478;5d393ec09fdb05550e04c4bd;0,0;1,0;1,0;1,0;0,0
479;5d3aa8129fdb0551831a34c5;1,0;1,0;0,0;0,0;0,0
480;5d3c0dc09fdb050ef0c15114;1,0;0,0;1,0;0,0;0,0
481;5d3c5f4f9fdb050ef0c15335;0,0;1,0;0,0;1,0;0,0
482;5d3d741a9fdb0529215f8027;0,0;1,0;1,0;1,0;0,0
483;5d3eb2529fdb054bf7de5f97;1,0;0,0;0,0;0,0;0,0
484;5d3ec1839fdb054bf7de6291;1,0;1,0;1,0;1,0;0,0
485;5d3f15199fdb054bf7de64a2;1,0;1,0;0,0;0,0;1,0
486;5d3f289c9fdb054bf7de6624;1,0;0,0;0,0;1,0;0,0
487;5d3fe32f9fdb05739a43ff35;1,0;0,0;1,0;1,0;0,0
488;5d403bf29fdb055e514928cc;1,0;1,0;0,0;1,0;0,0
489;5d4075f29fdb055e514929fc;1,0;0,0;0,0;0,0;0,0
490;5d40c1609fdb055e51492de4;0,0;0,0;1,0;0,0;0,0
491;5d415c0a9fdb0524513d8642;0,0;1,0;0,0;0,0;1,0
492;5d417b599fdb0524513d8758;1,0;0,0;0,0;0,0;0,0
493;5d41ecc19fdb0524513d884c;1,0;0,0;0,0;1,0;1,0
494;5d4299b29fdb054b1aa18afe;0,0;1,0;1,0;1,0;1,0
495;5d46d3f39fdb055cc3681ce2;0,0;1,0;0,0;1,0;0,0
496;5d47f15c9fdb05477ba39058;1,0;1,0;1,0;1,0;0,0
497;5d48243d9fdb05775ec54ac9;0,0;1,0;0,0;1,0;1,0
498;5d4885089fdb05775ec54d56;0,0;1,0;0,0;1,0;1,0
499;5d4918a79fdb0509eccfd127;0,0;0,0;0,0;0,0;1,0
500;5d491fea9fdb053d43293b30;1,0;0,0;0,0;1,0;0,0
501;5d492c679fdb053d43293b80;1,0;0,0;1,0;0,0;0,0
502;5d49b63a9fdb053d43294819;0,0;1,0;0,0;0,0;1,0
503;5d4a77f49fdb0566eb0c0bb3;1,0;0,0;1,0;1,0;0,0
504;5d4ac2289fdb050dedd3308c;0,0;1,0;0,0;1,0;1,0
505;5d4c31f09fdb057ecd368302;1,0;0,0;1,0;1,0;0,0
506;5d4d0e5a9fdb05373cb839c6;1,0;1,0;1,0;1,0;1,0
507;5d4d2c1c9fdb05373cb83c94;1,0;0,0;0,0;1,0;0,0
508;5d4d3e619fdb05373cb83f3c;0,0;1,0;0,0;1,0;1,0
509;5d4d46509fdb05373cb8405a;0,0;1,0;1,0;1,0;0,0
510;5d4d64339fdb05373cb84178;0,0;0,0;0,0;1,0;0,0
511;5d4d8ef99fdb05373cb842bd;0,0;1,0;0,0;1,0;1,0
512;5d4d8efa9fdb05373cb842c1;0,0;1,0;0,0;0,0;1,0
513;5d4d8efb9fdb05373cb842c5;0,0;1,0;0,0;0,0;1,0
514;5d4d8efc9fdb05373cb842c9;0,0;1,0;1,0;1,0;1,0
515;5d4d8efd9fdb05373cb842cd;0,0;1,0;0,0;1,0;0,0
516;5d503c4e9fdb057d58332605;0,0;0,0;1,0;0,0;0,0
517;5d5076e19fdb057d583328b8;1,0;1,0;1,0;0,0;1,0
518;5d5121cc9fdb054a7433ec21;0,0;1,0;0,0;0,0;1,0
519;5d5147979fdb054a7433ef37;0,0;1,0;0,0;1,0;0,0
520;5d51bdec9fdb0528ccf6273b;0,0;1,0;1,0;0,0;0,0
521;5d52ac9e9fdb055bff4ccb9d;1,0;1,0;0,0;0,0;1,0
522;5d52f8009fdb055bff4ccded;1,0;1,0;1,0;1,0;0,0
523;5d53a6ad9fdb0511247f30fa;1,0;1,0;0,0;1,0;1,0
524;5d53c8fc9fdb0511247f3604;1,0;0,0;1,0;0,0;0,0
525;5d53fb389fdb0511247f37e3;1,0;0,0;0,0;1,0;0,0
526;5d5903389fdb0572cc5906c6;0,0;0,0;0,0;1,0;1,0
527;5d594aa79fdb0504655f1982;0,0;1,0;0,0;0,0;1,0
528;5d59b0d39fdb0504655f1d4c;0,0;1,0;1,0;1,0;1,0
529;5d5afab49fdb050f28f81796;0,0;1,0;0,0;1,0;1,0
530;5d5bd85f9fdb052bff1eed4f;1,0;1,0;1,0;1,0;1,0
531;5d5be4389fdb052bff1eedd5;1,0;0,0;0,0;0,0;0,0
532;5d5d041e9fdb055bf446afbc;1,0;1,0;1,0;0,0;1,0
533;5d5d09df9fdb055bf446b040;0,0;1,0;1,0;1,0;1,0
534;5d5ee4ef9fdb057faaf52523;1,0;1,0;1,0;1,0;1,0
535;5d5fafd29fdb055f8ff547d6;0,0;1,0;0,0;0,0;0,0
536;5d600e239fdb055f8ff54ac2;0,0;1,0;0,0;1,0;0,0
537;5d62cc759fdb054df4fc8caa;1,0;0,0;0,0;0,0;0,0
538;5d653b389fdb052551184a98;0,0;1,0;1,0;0,0;1,0
539;5d6541769fdb052551184b1e;1,0;1,0;1,0;1,0;1,0
540;5d66401b9fdb054c1691af55;0,0;0,0;0,0;1,0;0,0
541;5d6651739fdb054c1691b0a7;1,0;0,0;1,0;1,0;0,0
542;5d66901c9fdb054c1691b4a9;1,0;0,0;0,0;1,0;1,0
543;5d66c5809fdb054c1691b5f2;1,0;1,0;1,0;1,0;1,0
544;5d678a509fdb056643ce584c;0,0;0,0;0,0;0,0;0,0
545;5d6798fc9fdb056643ce591d;0,0;1,0;1,0;0,0;1,0
546;5d67b04f9fdb056643ce5c02;0,0;0,0;0,0;0,0;0,0
547;5d68efd59fdb050798b445d3;1,0;0,0;1,0;1,0;1,0
548;5d6cf7259fdb0528050c1ce4;0,0;1,0;0,0;0,0;0,0
549;5d6d1fa09fdb0528050c1fbd;1,0;0,0;0,0;0,0;1,0
550;5d6dffcf9fdb053ba9e1f704;1,0;0,0;1,0;0,0;0,0
551;5d6e62b39fdb053ba9e1fb24;0,0;1,0;0,0;0,0;0,0
552;5d6e6a499fdb053ba9e1fb9e;0,0;1,0;0,0;1,0;0,0
553;5d6e72fe9fdb053ba9e1fd9e;0,0;1,0;0,0;0,0;1,0
554;5d7006c29fdb051fddd411aa;1,0;1,0;1,0;1,0;1,0
555;5d7014ee9fdb051fddd41383;1,0;1,0;0,0;0,0;0,0
556;5d7230779fdb05234d13c70f;0,0;1,0;1,0;0,0;0,0
557;5d7448d39fdb055e0bd15ab0;0,0;1,0;1,0;1,0;1,0
558;5d7476919fdb055e0bd15ab3;0,0;1,0;1,0;1,0;0,0
559;5d7501de9fdb057d5e5b6a3c;0,0;0,0;1,0;1,0;1,0
560;5d7551fa9fdb057d5e5b7174;0,0;0,0;1,0;0,0;0,0
561;5d75ed8d9fdb05485e6d5f1b;1,0;0,0;1,0;1,0;1,0
562;5d76170a9fdb05218e09b915;1,0;0,0;0,0;0,0;0,0
563;5d773b509fdb051ec109dd1a;1,0;0,0;1,0;1,0;0,0
564;5d7759d29fdb051ec109dde0;1,0;1,0;0,0;0,0;1,0
565;5d7789749fdb051ec109e0f8;1,0;0,0;1,0;1,0;1,0
566;5d778fe49fdb051ec109e2b0;1,0;0,0;1,0;0,0;0,0
567;5d779c7f9fdb051ec109e4db;0,0;1,0;0,0;1,0;1,0
568;5d77a57b9fdb051ec109e5e7;1,0;1,0;0,0;0,0;1,0
569;5d77c5e79fdb051ec109e866;1,0;0,0;1,0;1,0;0,0
570;5d7a3ad89fdb057f402363c8;0,0;1,0;1,0;1,0;1,0
571;5d7b943a9fdb054380cb7690;1,0;0,0;0,0;1,0;1,0
572;5d7be6159fdb054380cb7b2c;1,0;1,0;0,0;1,0;1,0
573;5d7cc8879fdb05713bdf1eb3;0,0;0,0;0,0;0,0;0,0
574;5d7ce7eb9fdb05713bdf1f10;1,0;1,0;1,0;0,0;1,0
575;5d7e1fa79fdb051caa20328e;0,0;0,0;0,0;1,0;1,0
576;5d7e5f189fdb051caa203435;1,0;0,0;0,0;1,0;0,0
577;5d7e665a9fdb051caa20352f;1,0;0,0;0,0;1,0;0,0
578;5d7e69599fdb051caa203531;0,0;1,0;1,0;0,0;1,0
579;5d7e6fb29fdb051caa203533;0,0;1,0;1,0;1,0;0,0
580;5d7f0f029fdb0545354d853c;0,0;1,0;1,0;1,0;0,0
581;5d7f73a09fdb0545354d877b;1,0;0,0;1,0;1,0;0,0
582;5d7f740b9fdb0545354d8782;1,0;0,0;1,0;0,0;1,0
583;5d7f74a89fdb0545354d8845;0,0;1,0;1,0;1,0;1,0
584;5d80bd609fdb054f7b694e25;0,0;0,0;1,0;1,0;1,0
585;5d80e59f9fdb054f7b695186;0,0;1,0;0,0;0,0;0,0
586;5d80f8579fdb054f7b695382;1,0;1,0;1,0;1,0;1,0
587;5d81e5009fdb0511af07e013;0,0;0,0;1,0;1,0;0,0
588;5d8210909fdb052d651068da;1,0;0,0;1,0;1,0;0,0
589;5d8239259fdb052d65106abf;1,0;1,0;0,0;1,0;1,0
590;5d835ce69fdb0565ccbbc070;0,0;0,0;0,0;1,0;0,0
591;5d838fdb9fdb0565ccbbc1b0;1,0;0,0;1,0;1,0;1,0
592;5d848fcf9fdb050c977fa4e6;0,0;1,0;1,0;0,0;1,0
593;5d84af049fdb050c977fa6f7;0,0;1,0;0,0;1,0;0,0
594;5d85d2c99fdb053c143d1726;1,0;1,0;1,0;0,0;1,0
595;5d8688649fdb0541fb5ce52d;0,0;1,0;0,0;1,0;1,0
596;5d8705889fdb05659f488bde;1,0;1,0;1,0;0,0;0,0
597;5d8759739fdb05659f488e4e;1,0;0,0;0,0;1,0;0,0
598;5d88e5a69fdb051199b517ba;1,0;1,0;1,0;1,0;1,0
599;5d891b059fdb051199b51aa8;1,0;1,0;0,0;0,0;0,0
600;5d89e6339fdb057114a36cd6;0,0;1,0;0,0;0,0;0,0
601;5d89f5209fdb057114a36e24;1,0;0,0;0,0;0,0;0,0
602;5d8a299c9fdb057114a371f9;0,0;1,0;1,0;1,0;1,0
603;5d8a2bbc9fdb057114a37279;1,0;1,0;1,0;0,0;1,0
604;5d8b36689fdb0553f7cc65c0;1,0;1,0;1,0;1,0;1,0
605;5d8b3cba9fdb0553f7cc6659;0,0;1,0;1,0;0,0;0,0
606;5d8cdaac9fdb05542891644c;1,0;1,0;1,0;0,0;0,0
607;5d8f93ec9fdb0526a0ec449f;1,0;1,0;0,0;0,0;1,0
608;5d91c6f89fdb0578bde450a3;1,0;0,0;0,0;1,0;0,0
609;5d9214b79fdb0575f4745f12;1,0;1,0;0,0;1,0;1,0
610;5d925b699fdb0575f4746215;0,0;1,0;0,0;0,0;1,0
611;5d9318729fdb05514b26cbc4;0,0;0,0;0,0;1,0;0,0
612;5d948e099fdb05051581f6b0;0,0;0,0;0,0;0,0;0,0
613;5d9498c49fdb05051581f8c0;0,0;0,0;0,0;1,0;1,0
614;5d94d02c9fdb050515820035;0,0;1,0;1,0;0,0;1,0
615;5d94d9379fdb050515820158;0,0;1,0;0,0;1,0;1,0
616;5d94f7db9fdb05051582035d;1,0;1,0;0,0;1,0;0,0
617;5d95ef1e9fdb052ef7351f2e;0,0;1,0;0,0;1,0;1,0
618;5d9608b39fdb052ef735215a;0,0;0,0;0,0;0,0;0,0
619;5d9645bf9fdb052ef73524c7;0,0;1,0;0,0;0,0;0,0
620;5d96dd9a9fdb055f94e659d5;0,0;1,0;0,0;1,0;1,0
621;5d9783b29fdb055f94e65e53;1,0;0,0;1,0;0,0;0,0
622;5d98a6be9fdb050c00e1d554;0,0;1,0;1,0;1,0;1,0
623;5d9a1eb09fdb0535bb703c86;1,0;0,0;1,0;0,0;0,0
624;5d9b48ce9fdb0537e7ada36a;0,0;1,0;0,0;1,0;1,0
625;5d9b64de9fdb0537e7ada6a9;0,0;1,0;0,0;0,0;0,0
626;5d9b7fb19fdb0537e7ada72a;0,0;0,0;0,0;1,0;1,0
627;5d9c9a209fdb053e2eb8642e;0,0;1,0;1,0;0,0;0,0
628;5d9cb94d9fdb053e2eb865c9;1,0;0,0;1,0;1,0;1,0
629;5d9dedc19fdb051221ac4e1c;0,0;0,0;1,0;0,0;0,0
630;5d9e1ad89fdb051221ac51be;0,0;1,0;0,0;0,0;1,0
631;5d9e3a8f9fdb051221ac538a;0,0;1,0;0,0;0,0;0,0
632;5d9edc369fdb052f6ab3f23a;1,0;0,0;0,0;1,0;0,0
633;5d9f42e99fdb052f6ab3fd45;1,0;0,0;0,0;0,0;0,0
634;5da027289fdb0547a9b8a621;1,0;1,0;0,0;0,0;0,0
635;5da028ca9fdb050f6ce39012;1,0;1,0;1,0;0,0;1,0
636;5da06eb39fdb0547a9b8aec7;0,0;0,0;0,0;0,0;1,0
637;5da0a0a29fdb0547a9b8b2dc;1,0;1,0;1,0;0,0;0,0
638;5da249ea9fdb0504b2642873;1,0;0,0;1,0;0,0;0,0
639;5da2f11a9fdb052438ef89e7;1,0;0,0;0,0;0,0;1,0
640;5da331fb9fdb052438ef8bd7;1,0;0,0;0,0;0,0;0,0
641;5da5b92c9fdb050263ac077b;1,0;0,0;0,0;0,0;0,0
642;5da6b8029fdb054b306eb860;0,0;1,0;0,0;0,0;1,0
643;5da741b29fdb054b306ebed0;0,0;0,0;1,0;1,0;1,0
644;5da7468d9fdb054b306ebf22;0,0;1,0;0,0;0,0;1,0
645;5da85d9c9fdb054b57e63780;0,0;1,0;1,0;0,0;1,0
646;5daac4269fdb054a26712691;1,0;1,0;1,0;1,0;0,0
647;5dabdb009fdb057f5ddb46cf;1,0;0,0;1,0;1,0;0,0
648;5dac718f9fdb05483ee40528;1,0;1,0;1,0;1,0;0,0
649;5dad585b9fdb05282297e46c;0,0;1,0;1,0;1,0;1,0
650;5dadfa769fdb05282297f914;0,0;1,0;1,0;0,0;0,0
651;5daebb6a9fdb055acdbba502;1,0;0,0;0,0;0,0;0,0
652;5daf55209fdb055acdbbb81e;1,0;0,0;0,0;1,0;0,0
653;5daf60909fdb055acdbbb9e8;0,0;0,0;0,0;0,0;0,0
654;5db009949fdb0514beec0117;0,0;1,0;1,0;0,0;1,0
655;5db02dfe9fdb0514beec03e2;0,0;0,0;1,0;0,0;0,0
656;5db20d309fdb053718e77ca0;0,0;1,0;1,0;0,0;1,0
657;5db2be799fdb05166a815cdd;1,0;0,0;1,0;1,0;1,0
658;5db2db629fdb05166a815d3f;1,0;1,0;0,0;0,0;1,0
659;5db3115c9fdb05166a816413;1,0;0,0;1,0;0,0;1,0
660;5db4724b9fdb051c2ea536bf;1,0;1,0;1,0;0,0;0,0
661;5db573d39fdb055e058a3bc2;1,0;0,0;1,0;1,0;0,0
662;5db69fa99fdb0532467d0fa2;0,0;1,0;1,0;0,0;1,0
663;5db6d2e99fdb0532467d118e;0,0;0,0;0,0;0,0;0,0
664;5db729a49fdb0532467d1b4d;1,0;0,0;0,0;1,0;0,0
665;5db814e69fdb056439d9cdd6;1,0;0,0;1,0;1,0;1,0
666;5db816889fdb056439d9cddb;1,0;0,0;0,0;0,0;0,0
667;5db852e49fdb056439d9d152;1,0;1,0;1,0;0,0;1,0
668;5db9a87b9fdb052583115e69;1,0;0,0;0,0;0,0;0,0
669;5db9ca6b9fdb05258311609a;1,0;0,0;1,0;1,0;0,0
670;5dbab0339fdb0547d5ead850;0,0;0,0;0,0;0,0;0,0
671;5dbb0fac9fdb0547d5eadfd6;0,0;1,0;0,0;0,0;1,0
672;5dbc1f209fdb0573b830faac;1,0;0,0;0,0;0,0;1,0
673;5dbc2a289fdb0573b830fb30;0,0;0,0;0,0;0,0;1,0
674;5dbc80039fdb0573b830ff97;1,0;0,0;0,0;0,0;0,0
675;5dbdf11a9fdb052c3f023f25;1,0;0,0;1,0;0,0;1,0
676;5dbf31619fdb055928b27f1e;0,0;1,0;1,0;1,0;1,0
677;5dc036a89fdb0517759e4dbc;1,0;0,0;0,0;0,0;1,0
678;5dc036fe9fdb0517759e4dc2;1,0;1,0;1,0;1,0;1,0
679;5dc037589fdb0517759e4dca;1,0;1,0;1,0;0,0;0,0
680;5dc037919fdb0517759e4de6;0,0;1,0;1,0;0,0;1,0
681;5dc0380d9fdb0517759e4df6;0,0;1,0;1,0;1,0;1,0
682;5dc0385b9fdb0517759e4e06;0,0;0,0;0,0;0,0;0,0
683;5dc038939fdb0517759e4e67;0,0;1,0;0,0;0,0;0,0
684;5dc038d69fdb0517759e4e80;0,0;1,0;1,0;0,0;0,0
685;5dc039159fdb0517759e4e8c;0,0;0,0;1,0;0,0;0,0
686;5dc049b89fdb0517759e5223;0,0;1,0;0,0;0,0;1,0
687;5dc073a39fdb0517759e550f;1,0;0,0;1,0;1,0;0,0
688;5dc13a139fdb055ab85f1304;0,0;1,0;1,0;1,0;0,0
689;5dc13ce09fdb055ab85f1347;1,0;0,0;0,0;0,0;0,0
690;5dc147919fdb055ab85f1476;0,0;1,0;1,0;1,0;1,0
691;5dc158189fdb055ab85f16f8;1,0;1,0;0,0;1,0;0,0
692;5dc178059fdb055ab85f1a15;0,0;0,0;0,0;0,0;0,0
693;5dc1aef19fdb055ab85f1d0c;0,0;0,0;0,0;1,0;0,0
694;5dc29cb79fdb052bcbcb95bc;1,0;1,0;1,0;1,0;0,0
695;5dc2e0979fdb052bcbcb9b2e;1,0;0,0;0,0;1,0;0,0
696;5dc2ef409fdb052b3d462f1a;1,0;0,0;1,0;1,0;0,0
697;5dc303119fdb052b3d4631cd;1,0;0,0;1,0;1,0;1,0
698;5dc3c9fe9fdb051c891b8262;0,0;1,0;1,0;0,0;1,0
699;5dc406d99fdb051c891b87c5;0,0;1,0;1,0;1,0;1,0
700;5dc453bf9fdb051c891b919b;1,0;0,0;0,0;1,0;0,0
701;5dc504259fdb051c891b9502;1,0;1,0;1,0;0,0;0,0
702;5dc54c319fdb051c891b9b93;1,0;1,0;1,0;0,0;0,0
703;5dc57eb99fdb051c891ba245;0,0;1,0;1,0;0,0;1,0
704;5dc585629fdb051c891ba336;1,0;1,0;1,0;0,0;0,0
705;5dc679d89fdb051c891ba914;1,0;1,0;0,0;1,0;1,0
706;5dc68ca19fdb051c891baa02;1,0;0,0;1,0;0,0;1,0
707;5dc6d3bb9fdb051c891babc4;1,0;0,0;1,0;1,0;1,0
708;5dc6e9769fdb051c891badbb;0,0;0,0;0,0;1,0;1,0
709;5dc809639fdb0509c87cae1f;1,0;0,0;0,0;1,0;0,0
710;5dc9227c9fdb0536099e891e;0,0;0,0;0,0;1,0;0,0
711;5dc93a5e9fdb05259f5d4f92;0,0;0,0;0,0;0,0;0,0
712;5dc977319fdb0515eecc8462;1,0;0,0;1,0;1,0;1,0
713;5dca921f9fdb0502000add08;0,0;1,0;1,0;0,0;1,0
714;5dcabe4b9fdb0502000ae047;1,0;0,0;1,0;0,0;0,0
715;5dcac4a79fdb0502000ae100;1,0;1,0;1,0;1,0;0,0
716;5dcae2ff9fdb0502000ae503;0,0;1,0;1,0;1,0;1,0
717;5dcae93a9fdb0502000ae559;1,0;0,0;0,0;0,0;1,0
718;5dcbc1ea9fdb05378f12eefc;0,0;0,0;0,0;0,0;0,0
719;5dcbc8f09fdb05378f12ef37;1,0;1,0;0,0;0,0;0,0
720;5dcbd74c9fdb05378f12efe5;0,0;0,0;0,0;1,0;1,0
721;5dcc0a7d9fdb05378f12f37e;0,0;1,0;0,0;0,0;1,0
722;5dcc0ef39fdb05378f12f38f;1,0;1,0;0,0;1,0;1,0
723;5dcc5bc89fdb05378f130786;0,0;0,0;0,0;1,0;1,0
724;5dcc61b39fdb05378f1309fc;0,0;1,0;0,0;0,0;1,0
725;5dcd253d9fdb0514b9de3184;1,0;1,0;1,0;0,0;1,0
726;5dcd5aa19fdb0514b9de338a;0,0;1,0;1,0;0,0;0,0
727;5dcd5ab99fdb0514b9de33a0;1,0;0,0;0,0;0,0;1,0
728;5dcd810e9fdb0514b9de40b3;0,0;0,0;0,0;1,0;1,0
729;5dcdbb719fdb0514b9de472a;1,0;0,0;0,0;0,0;1,0
730;5dce7f179fdb055906b53068;1,0;1,0;0,0;0,0;0,0
731;5dce82e49fdb055906b530c8;0,0;0,0;1,0;0,0;0,0
732;5dcea5fe9fdb055906b533b6;0,0;0,0;0,0;1,0;1,0
733;5dceb0d29fdb055906b534d2;1,0;0,0;1,0;0,0;0,0
734;5dcee1b59fdb055906b53663;0,0;1,0;0,0;0,0;1,0
735;5dcf42b89fdb055906b53952;1,0;0,0;1,0;1,0;1,0
736;5dcfb14b9fdb057acdfbd194;0,0;1,0;0,0;0,0;1,0
737;5dcfc4e89fdb057acdfbd1ea;0,0;1,0;1,0;1,0;1,0
738;5dd00c349fdb057acdfbd4be;1,0;1,0;1,0;0,0;0,0
739;5dd00c5c9fdb054b1238c400;0,0;1,0;1,0;0,0;1,0
740;5dd015369fdb057acdfbd5ac;0,0;0,0;0,0;0,0;0,0
741;5dd035ab9fdb057acdfbdb54;1,0;0,0;0,0;1,0;0,0
742;5dd18de99fdb0519c1286f85;1,0;0,0;0,0;0,0;1,0
743;5dd27f899fdb0542bf2fa902;0,0;1,0;1,0;0,0;1,0
744;5dd2a49d9fdb0542bf2faa63;1,0;0,0;0,0;0,0;1,0
745;5dd2cfba9fdb0542bf2fad2e;1,0;1,0;1,0;1,0;0,0
746;5dd3e01a9fdb054029da0e0f;0,0;0,0;0,0;1,0;1,0
747;5dd4ef9a9fdb051a66c93dc7;0,0;1,0;1,0;0,0;1,0
748;5dd5794d9fdb0550ead3853f;0,0;0,0;0,0;0,0;0,0
749;5dd57c769fdb0550ead38642;1,0;0,0;0,0;1,0;1,0
750;5dd6c21b9fdb050b4c0f9ca1;1,0;0,0;1,0;1,0;0,0
751;5dd927ed9fdb0552d348eb0e;0,0;0,0;0,0;1,0;0,0
752;5ddba1b59fdb05748c57db2f;1,0;0,0;0,0;1,0;1,0
753;5ddbb1779fdb05748c57dd27;0,0;1,0;1,0;0,0;1,0
754;5ddbef9b9fdb05748c57e0f3;0,0;1,0;1,0;0,0;0,0
755;5ddcef829fdb056b1a5423ab;0,0;1,0;1,0;0,0;1,0
756;5ddd80c29fdb056b1a542a6f;1,0;1,0;0,0;1,0;1,0
757;5dde5e039fdb05149f7a2ecf;0,0;1,0;1,0;1,0;0,0
758;5ddea68d9fdb05149f7a34ce;1,0;1,0;1,0;0,0;0,0
759;5ddea7779fdb05149f7a355f;1,0;0,0;0,0;1,0;0,0
760;5ddebc7f9fdb05149f7a386d;1,0;0,0;1,0;1,0;1,0
761;5ddf96279fdb053f977bba3d;0,0;1,0;0,0;0,0;0,0
762;5ddfbe4b9fdb053f977bbdbb;0,0;1,0;0,0;0,0;1,0
763;5ddfbe5d9fdb053f977bbdc6;0,0;0,0;0,0;0,0;0,0
764;5ddfbe649fdb053f977bbdc7;1,0;0,0;0,0;1,0;0,0
765;5ddfbe699fdb053f977bbdd3;1,0;0,0;0,0;0,0;1,0
766;5ddfbe759fdb053f977bbdd4;0,0;1,0;0,0;1,0;0,0
767;5ddfc3199fdb053f977bc2d6;0,0;1,0;0,0;1,0;1,0
768;5de0e7bb9fdb0578d3afdbf5;0,0;0,0;1,0;0,0;0,0
769;5de39a689fdb05138fe9143e;0,0;0,0;1,0;1,0;1,0
770;5de612399fdb05272edccaac;0,0;1,0;0,0;1,0;1,0
771;5de73acd9fdb055c31659c25;0,0;1,0;1,0;1,0;0,0
772;5de744059fdb055c31659d3f;0,0;1,0;0,0;0,0;0,0
773;5de924279fdb05415c224aa1;1,0;1,0;1,0;1,0;1,0
774;5deabbe99fdb053a42a46f0e;0,0;1,0;1,0;0,0;1,0
775;5dee519f9fdb051991313a41;0,0;0,0;1,0;0,0;1,0
776;5dee64bd9fdb051991313cf7;0,0;1,0;1,0;1,0;0,0
777;5dee978a9fdb051991313e42;0,0;1,0;1,0;0,0;1,0
778;5deeb8c89fdb051991313f67;1,0;1,0;1,0;1,0;1,0
779;5def58ec9fdb054cdb12d5c0;0,0;0,0;0,0;1,0;0,0
780;5def596f9fdb054cdb12d5c1;1,0;0,0;0,0;1,0;0,0
781;5def9e059fdb054cdb12dd12;1,0;0,0;1,0;1,0;0,0
782;5defa11a9fdb054cdb12dd3f;0,0;0,0;1,0;1,0;1,0
783;5defb9af9fdb054cdb12e002;0,0;1,0;1,0;1,0;0,0
784;5defe7259fdb054cdb12e3a6;0,0;0,0;0,0;1,0;1,0
785;5df0cc3b9fdb05715f140ef8;0,0;1,0;0,0;0,0;1,0
786;5df0e7e89fdb05715f140f60;1,0;0,0;1,0;1,0;1,0
787;5df0f3ee9fdb0535e21e7c0d;1,0;1,0;1,0;1,0;0,0
788;5df1213b9fdb0535e21e7e3e;1,0;0,0;0,0;1,0;1,0
789;5df23d4d9fdb053c96b2c32c;0,0;0,0;1,0;1,0;1,0
790;5df6200e9fdb056bf1beaebf;0,0;0,0;0,0;1,0;1,0
791;5df687b09fdb056bf1beb17d;0,0;1,0;0,0;1,0;1,0
792;5df7438b9fdb0550921c2631;1,0;0,0;0,0;1,0;0,0
793;5df7c0c89fdb0578d45ad64a;1,0;1,0;0,0;1,0;0,0
794;5df7e2659fdb0578d45ad78b;1,0;0,0;0,0;0,0;1,0
795;5df8edb99fdb0548ae9e6ac7;0,0;0,0;0,0;1,0;0,0
796;5df8f1949fdb0548ae9e6b44;1,0;1,0;1,0;1,0;0,0
797;5df9110b9fdb0548ae9e6ede;1,0;0,0;1,0;0,0;0,0
798;5df927899fdb0548ae9e715c;0,0;0,0;1,0;1,0;1,0
799;5dfa01f79fdb051dd4f19090;1,0;0,0;1,0;1,0;1,0
800;5dfa1fec9fdb051dd4f1934f;0,0;0,0;0,0;1,0;1,0
801;5dfa3c859fdb05030c54ef22;0,0;0,0;0,0;0,0;0,0
802;5dfb5f139fdb0558714b4316;1,0;0,0;1,0;1,0;0,0
803;5dfbab409fdb0558714b479b;1,0;0,0;0,0;0,0;0,0
804;5dfbd1fd9fdb0558714b4909;1,0;0,0;1,0;1,0;0,0
805;5dfc81289fdb0550f18b4b16;1,0;1,0;1,0;1,0;1,0
806;5dfded299fdb054eca41ebf0;1,0;0,0;0,0;0,0;0,0
807;5dff79db9fdb056b2ddf906e;1,0;0,0;1,0;1,0;0,0
808;5e00b4709fdb053c0a5b5d37;0,0;0,0;0,0;1,0;1,0
809;5e00d6e89fdb053c0a5b5eb1;1,0;0,0;0,0;0,0;1,0
810;5e09c9769fdb0506b1afbc37;0,0;1,0;1,0;1,0;1,0
811;5e0a17139fdb050e55f01c97;0,0;1,0;0,0;0,0;0,0
812;5e0dd19d9fdb0553724f4d69;1,0;1,0;1,0;1,0;0,0
813;5e0f17f49fdb05298bf16943;0,0;1,0;1,0;1,0;0,0
814;5e103dfc9fdb051c8833bb03;0,0;1,0;1,0;0,0;1,0
815;5e1242259fdb05131d1ed622;0,0;1,0;0,0;0,0;1,0
816;5e137d7d9fdb05293532fd4a;0,0;1,0;1,0;1,0;1,0
817;5e144bf19fdb050c42172181;0,0;1,0;0,0;0,0;0,0
818;5e15874e9fdb057212f557e5;1,0;0,0;0,0;1,0;0,0
819;5e1594c09fdb057212f5596c;0,0;1,0;0,0;0,0;1,0
820;5e159bc09fdb057212f55a44;0,0;1,0;1,0;1,0;1,0
821;5e15b06b9fdb057212f55d25;1,0;1,0;1,0;1,0;1,0
822;5e15da6d9fdb057212f561cc;1,0;0,0;1,0;1,0;0,0
823;5e1635ee9fdb057212f56d92;1,0;0,0;0,0;0,0;1,0
824;5e173eff9fdb0553694dde31;0,0;0,0;0,0;0,0;0,0
825;5e1865d49fdb057f8f48496a;1,0;0,0;0,0;0,0;0,0
826;5e1897a59fdb057f8f484b78;0,0;1,0;1,0;1,0;0,0
827;5e18b20b9fdb057f8f484cbe;1,0;0,0;0,0;1,0;1,0
828;5e19d0229fdb054b633d85a5;1,0;0,0;0,0;0,0;0,0
829;5e1a09919fdb054b633d881b;0,0;0,0;0,0;1,0;0,0
830;5e1ad8f19fdb052d6b7eb306;0,0;1,0;1,0;0,0;0,0
831;5e1b2d3d9fdb053866b454b1;1,0;0,0;0,0;1,0;0,0
832;5e1c9fbe9fdb056e32ce63fe;0,0;0,0;0,0;1,0;1,0
833;5e1cb7be9fdb056e32ce6425;1,0;0,0;0,0;0,0;0,0
834;5e1d78939fdb0518c77dd9b8;1,0;0,0;0,0;1,0;0,0
835;5e1ec41c9fdb053cb1314cd1;1,0;0,0;0,0;0,0;0,0
836;5e1ec9119fdb053cb1314d26;1,0;0,0;0,0;0,0;0,0
837;5e1eddb29fdb053cb1314f93;0,0;1,0;1,0;0,0;0,0
838;5e1f015d9fdb053cb13153a4;0,0;1,0;1,0;1,0;0,0
839;5e1f0f469fdb053cb1315491;1,0;0,0;1,0;1,0;1,0
840;5e1f28a69fdb053cb1315990;1,0;1,0;0,0;0,0;0,0
841;5e1f57159fdb053cb1315b4d;0,0;1,0;1,0;1,0;1,0
842;5e202b439fdb053617cba5c8;1,0;1,0;0,0;0,0;0,0
843;5e20d45f9fdb053617cbae29;1,0;1,0;0,0;1,0;0,0
844;5e21d94a9fdb0506785f381c;1,0;0,0;0,0;0,0;0,0
845;5e22fd049fdb05614ca49a73;1,0;0,0;1,0;1,0;0,0
846;5e25ea539fdb050197ee0d37;1,0;0,0;0,0;1,0;0,0
847;5e26dff49fdb052d46a0f90a;1,0;0,0;0,0;0,0;0,0
848;5e26f9649fdb052d46a0fcf6;0,0;1,0;1,0;0,0;1,0
849;5e2727509fdb052d46a0feb8;1,0;0,0;0,0;1,0;0,0
850;5e2727559fdb052d46a0febc;0,0;1,0;0,0;0,0;0,0
851;5e27275a9fdb052d46a0fec0;0,0;1,0;0,0;1,0;1,0
852;5e27275c9fdb052d46a0fec4;0,0;1,0;0,0;0,0;1,0
853;5e2727609fdb052d46a0fecb;0,0;1,0;0,0;1,0;1,0
854;5e2727629fdb052d46a0fecf;0,0;1,0;1,0;0,0;1,0
855;5e2733119fdb052d46a0fed4;0,0;0,0;1,0;0,0;1,0
856;5e27367b9fdb052d46a0fed8;1,0;0,0;0,0;0,0;0,0
857;5e294d9a9fdb0541cbcfac7c;1,0;0,0;1,0;0,0;0,0
858;5e296b399fdb054da73f3648;1,0;0,0;0,0;1,0;1,0
859;5e2acfb49fdb051577debe83;1,0;1,0;0,0;1,0;0,0
860;5e2acfd99fdb051577debe87;0,0;1,0;0,0;0,0;0,0
861;5e2b3c6a9fdb051577dec455;1,0;0,0;1,0;0,0;0,0
862;5e2c01b39fdb052b7b49b603;0,0;1,0;0,0;1,0;1,0
863;5e2c37f39fdb052b7b49b8aa;1,0;0,0;1,0;1,0;1,0
864;5e2d84c99fdb057ebe94e122;1,0;0,0;1,0;0,0;0,0
865;5e2dc3d19fdb057ebe94e560;1,0;0,0;0,0;1,0;1,0
866;5e2eaab19fdb0528b0f6a130;1,0;0,0;0,0;0,0;1,0
867;5e2ec99a9fdb0528b0f6a383;1,0;0,0;0,0;1,0;0,0
868;5e2ef0989fdb0528b0f6a775;1,0;0,0;0,0;0,0;0,0
869;5e2f2b3d9fdb0528b0f6aa9e;0,0;0,0;1,0;0,0;0,0
870;5e302b409fdb05220e0bc2d5;1,0;0,0;0,0;0,0;0,0
871;5e3085129fdb05220e0bc879;1,0;0,0;1,0;1,0;0,0
872;5e3096a59fdb05220e0bcacf;1,0;1,0;1,0;0,0;0,0
873;5e309fee9fdb05220e0bcb95;0,0;1,0;1,0;0,0;0,0
874;5e3145769fdb053d90a0dda8;0,0;0,0;1,0;1,0;1,0
875;5e3171c19fdb053d90a0e125;1,0;0,0;0,0;0,0;0,0
876;5e334e4d9fdb05733da86f15;0,0;1,0;1,0;1,0;1,0
877;5e33c33e9fdb0511ae293fe7;0,0;1,0;1,0;1,0;1,0
878;5e341bc79fdb055f2e411e7f;0,0;0,0;0,0;0,0;1,0
879;5e3441a29fdb055f2e412204;1,0;0,0;1,0;1,0;1,0
880;5e3462e99fdb055f2e4122c0;1,0;1,0;1,0;0,0;0,0
881;5e37f0999fdb054429c37a27;0,0;1,0;1,0;0,0;1,0
882;5e37f16c9fdb054429c37a39;1,0;0,0;1,0;1,0;1,0
883;5e38732e9fdb054429c38226;1,0;0,0;1,0;0,0;1,0
884;5e3919b09fdb05546c9c1e4c;1,0;0,0;0,0;0,0;1,0
885;5e397f6f9fdb0508c3a9ebce;0,0;1,0;1,0;0,0;0,0
886;5e399daf9fdb05546c9c256b;1,0;0,0;0,0;0,0;0,0
887;5e3a7a2e9fdb0502131fab14;1,0;1,0;0,0;1,0;0,0
888;5e3af3ec9fdb05646649b8ac;0,0;1,0;1,0;1,0;1,0
889;5e3b044f9fdb05646649b9a0;1,0;0,0;1,0;1,0;1,0
890;5e3c4af59fdb056365575dbb;1,0;1,0;0,0;0,0;0,0
891;5e3d35059fdb050796aa30d6;1,0;1,0;1,0;1,0;1,0
892;5e3db7f19fdb050796aa3798;1,0;0,0;1,0;1,0;0,0
893;5e3e91b69fdb0503483626f9;1,0;0,0;0,0;1,0;1,0
894;5e4038b39fdb056af4dce558;0,0;1,0;0,0;1,0;1,0
895;5e4121a59fdb0566e486d178;0,0;0,0;0,0;1,0;1,0
896;5e416f0f9fdb0566e486db11;1,0;0,0;0,0;1,0;0,0
897;5e427a269fdb054d53083a12;0,0;1,0;1,0;0,0;1,0
898;5e4298799fdb054d53083a70;0,0;1,0;0,0;1,0;1,0
899;5e42a60e9fdb054d53083bca;0,0;1,0;1,0;0,0;1,0
900;5e42b3a19fdb054d53083c9f;0,0;1,0;0,0;0,0;1,0
901;5e42c2789fdb054d53083d63;1,0;0,0;1,0;1,0;0,0
902;5e42d6549fdb054d53083eec;0,0;0,0;0,0;0,0;0,0
903;5e42e1f69fdb054d53084203;1,0;0,0;1,0;0,0;0,0
904;5e44063a9fdb05493f6827b8;1,0;0,0;0,0;0,0;0,0
905;5e44f4889fdb0519ae3204da;0,0;1,0;1,0;1,0;1,0
906;5e45a3f09fdb053aad934bfb;1,0;0,0;1,0;1,0;1,0
907;5e46806f9fdb050a181f949d;1,0;0,0;0,0;0,0;0,0
908;5e4814ce9fdb05018cfc845f;1,0;0,0;0,0;1,0;0,0
909;5e4814f69fdb05018cfc8460;0,0;1,0;0,0;0,0;1,0
910;5e481f869fdb05018cfc8580;1,0;0,0;0,0;0,0;1,0
911;5e48308f9fdb05018cfc8774;1,0;1,0;1,0;1,0;0,0
912;5e4a94729fdb0530a9ebc45c;0,0;1,0;0,0;0,0;0,0
913;5e4eb2969fdb054dca1904ed;1,0;1,0;1,0;1,0;1,0
914;5e4fa2a49fdb057918ed3c15;1,0;0,0;0,0;0,0;1,0
915;5e4fa6639fdb057918ed3cc5;0,0;1,0;0,0;0,0;0,0
916;5e5239059fdb053fb0ab3991;0,0;0,0;0,0;1,0;1,0
917;5e52c9999fdb056ae538247d;0,0;1,0;0,0;0,0;1,0
918;5e53ceab9fdb05167ab6ca19;1,0;0,0;0,0;0,0;0,0
919;5e53f1929fdb05167ab6ccf6;1,0;0,0;1,0;1,0;1,0
920;5e5405559fdb05167ab6cd4f;1,0;1,0;1,0;0,0;0,0
921;5e54c6e29fdb0537faebbf53;0,0;1,0;0,0;0,0;1,0
922;5e552d1e9fdb053957b5e5d0;1,0;0,0;1,0;1,0;0,0
923;5e56262b9fdb0506a5834602;1,0;1,0;1,0;1,0;1,0
924;5e562a3b9fdb0506a5834673;1,0;0,0;1,0;1,0;1,0
925;5e5648c49fdb0506a5834a7d;0,0;0,0;1,0;1,0;1,0
926;5e564a829fdb0506a5834b06;0,0;0,0;0,0;0,0;1,0
927;5e565c149fdb0506a5834c7f;1,0;0,0;1,0;1,0;1,0
928;5e569ace9fdb0506a58359f2;0,0;1,0;0,0;0,0;0,0
929;5e56d80e9fdb0506a5835bf8;0,0;0,0;0,0;0,0;0,0
930;5e576add9fdb050935c4db15;1,0;0,0;0,0;0,0;0,0
931;5e577ac29fdb050935c4dc49;0,0;1,0;1,0;1,0;1,0
932;5e57802d9fdb050935c4dcae;1,0;0,0;0,0;1,0;1,0
933;5e57975b9fdb050935c4df1c;0,0;0,0;0,0;0,0;1,0
934;5e57beda9fdb050935c4e358;0,0;0,0;1,0;0,0;0,0
935;5e57f74a9fdb054ba56338a9;1,0;0,0;0,0;0,0;0,0
936;5e58e97f9fdb0505ad8ca1cc;0,0;1,0;1,0;1,0;0,0
937;5e5902449fdb0505ad8ca49f;0,0;1,0;1,0;0,0;0,0
938;5e5908559fdb0505ad8ca684;0,0;1,0;0,0;0,0;0,0
939;5e5948d29fdb055384c14650;1,0;0,0;1,0;0,0;1,0
940;5e5984be9fdb056531f28ebb;0,0;1,0;0,0;0,0;1,0
941;5e5a15b59fdb050bb2db0797;0,0;0,0;0,0;1,0;1,0
942;5e5a80fb9fdb050bee786b7a;1,0;1,0;1,0;1,0;1,0
943;5e5a814c9fdb050bee786b7b;0,0;1,0;0,0;1,0;1,0
944;5e5a9e8e9fdb050bee786d7c;1,0;0,0;1,0;1,0;1,0
945;5e5b5ad29fdb0508c3aead9a;0,0;0,0;0,0;0,0;1,0
946;5e5b90329fdb0508c3aeaf6f;0,0;1,0;1,0;1,0;0,0
947;5e5bed0d9fdb0510074f8894;0,0;1,0;1,0;0,0;1,0
948;5e5ca2bc9fdb057481843e37;1,0;1,0;1,0;0,0;1,0
949;5e5cdedf9fdb0574818447ed;0,0;1,0;1,0;0,0;1,0
950;5e5df5319fdb056370a33d9e;1,0;0,0;0,0;1,0;0,0
951;5e5dff1a9fdb056370a33ef1;0,0;0,0;1,0;0,0;0,0
952;5e5e61d99fdb056370a346f7;1,0;0,0;0,0;1,0;1,0
953;5e5e6f039fdb056370a34889;1,0;0,0;0,0;1,0;0,0
954;5e5e94fc9fdb052a04e13200;1,0;1,0;0,0;0,0;1,0
955;5e5e9d109fdb052a04e132fe;0,0;1,0;0,0;0,0;1,0
956;5e5f63879fdb0504e8398ead;0,0;1,0;0,0;1,0;0,0
957;5e5f675b9fdb0504e8398fc6;0,0;1,0;0,0;0,0;1,0
958;5e60beab9fdb05332bcc86be;0,0;0,0;1,0;0,0;0,0
959;5e60d5ce9fdb05332bcc876b;0,0;1,0;0,0;0,0;1,0
960;5e60d7719fdb05332bcc876e;0,0;0,0;1,0;1,0;1,0
961;5e610b489fdb051a857d61ec;0,0;1,0;0,0;1,0;1,0
962;5e6144579fdb051a857d6603;0,0;1,0;1,0;1,0;1,0
963;5e6249a89fdb0568dadf5ec9;0,0;1,0;1,0;1,0;0,0
964;5e65034b9fdb054ecdebbcfc;1,0;0,0;0,0;0,0;0,0
965;5e653ed19fdb054ecdebc57a;0,0;0,0;0,0;0,0;1,0
966;5e65ed559fdb0521269dff9b;1,0;1,0;1,0;1,0;0,0
967;5e661b2c9fdb0521269e0613;0,0;0,0;0,0;0,0;0,0
968;5e663b5b9fdb0521269e0956;0,0;0,0;0,0;1,0;0,0
969;5e663daa9fdb0521269e09c8;0,0;0,0;1,0;0,0;0,0
970;5e665c9d9fdb0521269e0de4;0,0;1,0;0,0;0,0;1,0
971;5e6677dc9fdb0521269e107c;0,0;0,0;0,0;1,0;0,0
972;5e6755849fdb050514aa7448;1,0;1,0;0,0;0,0;0,0
973;5e67b5ab9fdb050514aa7ee5;0,0;1,0;1,0;0,0;1,0
974;5e67ce819fdb050514aa8233;0,0;1,0;0,0;1,0;1,0
975;5e688a789fdb052ca27e68e0;1,0;1,0;0,0;0,0;0,0
976;5e68f6149fdb052ca27e72ea;0,0;1,0;1,0;0,0;1,0
977;5e6918eb9fdb052ca27e7a85;0,0;0,0;1,0;0,0;0,0
978;5e69fc8e9fdb051096259617;1,0;1,0;1,0;1,0;1,0
979;5e6a7d429fdb051096259c75;1,0;0,0;0,0;1,0;1,0
980;5e6a7e2e9fdb051096259c77;0,0;0,0;1,0;1,0;0,0
981;5e6aa7909fdb05109625a44e;0,0;1,0;0,0;1,0;1,0
982;5e6ba5da9fdb053b0291b6f8;0,0;1,0;1,0;1,0;1,0
983;5e6d2fb79fdb0526adc8749a;0,0;1,0;0,0;1,0;1,0
984;5e6e44f99fdb0576ad67ebb5;0,0;1,0;1,0;1,0;1,0
985;5e6f49949fdb0568500399d7;0,0;1,0;0,0;1,0;1,0
986;5e6f4a439fdb053432a90f81;1,0;0,0;1,0;1,0;0,0
987;5e70a2749fdb055816992cef;1,0;0,0;1,0;0,0;1,0
988;5e712ea09fdb055816993726;0,0;0,0;0,0;0,0;0,0
989;5e7259009fdb0534259a1abd;0,0;1,0;1,0;0,0;1,0
990;5e74686f9fdb0501e887f66b;0,0;1,0;0,0;0,0;1,0
991;5e74e8329fdb0501e887f884;0,0;0,0;0,0;1,0;1,0
992;5e74ea8f9fdb0501e887f8c5;1,0;0,0;0,0;1,0;0,0
993;5e773cf89fdb0549652784a7;0,0;0,0;1,0;0,0;1,0
994;5e779efd9fdb05552068a52e;0,0;1,0;1,0;1,0;1,0
995;5e7879b09fdb05194d1815d6;0,0;1,0;0,0;1,0;0,0
996;5e78bfc69fdb05194d181add;0,0;0,0;0,0;0,0;0,0
997;5e7a28c89fdb0579c2a45c87;0,0;0,0;1,0;1,0;0,0
998;5e7b07889fdb053b5ff9f496;1,0;0,0;1,0;1,0;1,0
999;5e7c6acc9fdb0538c45565f8;0,0;1,0;1,0;0,0;0,0
1000;5e7c9a469fdb0538c4556954;0,0;1,0;1,0;1,0;0,0
1001;5e7ca3889fdb0538c4556959;0,0;0,0;1,0;0,0;0,0
1002;5e7d815d9fdb0502628492de;0,0;1,0;0,0;1,0;1,0
1003;5e7dc50c9fdb055fbcb2a1ec;1,0;1,0;1,0;1,0;1,0
1004;5e7de6679fdb055fbcb2a4c1;1,0;0,0;1,0;0,0;0,0
1005;5e7e5f819fdb055259df4365;0,0;1,0;1,0;1,0;1,0
1006;5e7f29479fdb0561b4bc63a0;0,0;1,0;1,0;0,0;0,0
1007;5e810cfc9fdb0534e6e450b0;0,0;1,0;1,0;1,0;0,0
1008;5e81af4c9fdb0511992d044a;0,0;1,0;1,0;1,0;1,0
1009;5e81be979fdb0511992d062b;0,0;1,0;1,0;0,0;0,0
1010;5e81c1fb9fdb0511992d0646;1,0;1,0;1,0;1,0;0,0
1011;5e82042e9fdb0511992d0b3d;1,0;0,0;0,0;0,0;0,0
1012;5e8337769fdb05401d02a074;0,0;0,0;0,0;1,0;1,0
1013;5e833c1b9fdb05401d02a15a;1,0;0,0;0,0;1,0;0,0
1014;5e8352c49fdb05401d02a36b;0,0;1,0;0,0;1,0;1,0
1015;5e8363ba9fdb05401d02a5ea;1,0;0,0;0,0;0,0;1,0
1016;5e844fea9fdb0503e41c9d27;1,0;1,0;0,0;0,0;0,0
1017;5e8477a19fdb0503e41ca0d6;1,0;0,0;1,0;0,0;0,0
1018;5e84919e9fdb0503e41ca1c0;0,0;0,0;1,0;0,0;0,0
1019;5e85025e9fdb0503e41ca7b1;1,0;1,0;0,0;0,0;0,0
1020;5e85a5949fdb0565b696cffd;0,0;0,0;1,0;0,0;0,0
1021;5e85a5ef9fdb0565b696cffe;0,0;0,0;0,0;1,0;1,0
1022;5e85de2c9fdb0565b696d4cd;1,0;0,0;0,0;0,0;0,0
1023;5e872cdd9fdb0538c7a9e24a;1,0;0,0;0,0;0,0;0,0
1024;5e8750489fdb0538c7a9e4b1;0,0;1,0;1,0;0,0;1,0
1025;5e88b1369fdb0516a86ef549;0,0;0,0;0,0;0,0;1,0
1026;5e89da6d9fdb0575d2f6e059;1,0;0,0;1,0;0,0;0,0
1027;5e8b17a39fdb052b483b483a;0,0;1,0;1,0;1,0;1,0
1028;5e8b37639fdb052b483b4b70;0,0;0,0;0,0;0,0;1,0
1029;5e8c2ead9fdb057de9f702f4;1,0;1,0;1,0;0,0;0,0
1030;5e8c735a9fdb05146c73762c;0,0;0,0;1,0;1,0;1,0
1031;5e8da27d9fdb050d22b4cf38;1,0;0,0;0,0;1,0;0,0
1032;5e9054339fdb051dce900e07;1,0;0,0;1,0;0,0;0,0
1033;5e9194dc9fdb057cc3e6b3c7;1,0;0,0;0,0;0,0;0,0
1034;5e9344a29fdb055cfeb0efa2;0,0;0,0;0,0;0,0;1,0
1035;5e9404949fdb0546d54047ef;1,0;1,0;1,0;1,0;0,0
1036;5e9565d69fdb055fbc74d295;0,0;0,0;1,0;1,0;1,0
1037;5e96b1549fdb054319dcc700;1,0;0,0;0,0;1,0;0,0
1038;5e96cb309fdb054319dccc4c;0,0;1,0;1,0;1,0;1,0
1039;5e971fcd9fdb054319dcd2e9;0,0;1,0;1,0;1,0;1,0
1040;5e980a439fdb053ac113e2d7;1,0;1,0;1,0;0,0;0,0
1041;5e980ed49fdb053ac113e2fe;1,0;1,0;1,0;1,0;1,0
1042;5e9971a69fdb0523cb240794;1,0;0,0;0,0;1,0;0,0
1043;5e999b1a9fdb0523cb240a30;0,0;0,0;0,0;1,0;1,0
1044;5e9c314b9fdb055e3f4dfa36;1,0;0,0;0,0;0,0;0,0
1045;5e9db08f9fdb055a4de30838;1,0;0,0;0,0;1,0;0,0
1046;5e9e05f89fdb055a4de30d32;0,0;1,0;1,0;1,0;1,0
1047;5ea028a39fdb05543432525e;0,0;0,0;0,0;0,0;1,0
1048;5ea2e41e9fdb050253832c49;1,0;1,0;0,0;1,0;0,0
1049;5ea314f89fdb0502538332a7;1,0;0,0;1,0;0,0;1,0
1050;5ea5bbc89fdb051e6a417791;0,0;0,0;0,0;0,0;1,0
1051;5ea6c6669fdb057eabb18a83;1,0;1,0;1,0;1,0;1,0
