;reasons_translation_sentimentCategory;reasons_translation_sadnessCategory;reasons_translation_joyCategory;reasons_translation_fearCategory;reasons_translation_disgustCategory;reasons_translation_angerCategory;emotions_translation_sentimentCategory;emotions_translation_sadnessCategory;emotions_translation_joyCategory;emotions_translation_fearCategory;emotions_translation_disgustCategory;emotions_translation_angerCategory;strengths_translation_sentimentCategory;strengths_translation_sadnessCategory;strengths_translation_joyCategory;strengths_translation_fearCategory;strengths_translation_disgustCategory;strengths_translation_angerCategory;utilization_translation_sentimentCategory;utilization_translation_sadnessCategory;utilization_translation_joyCategory;utilization_translation_fearCategory;utilization_translation_disgustCategory;utilization_translation_angerCategory;story_translation_sentimentCategory;story_translation_sadnessCategory;story_translation_joyCategory;story_translation_fearCategory;story_translation_disgustCategory;story_translation_angerCategory
1;0,007944017170789363;0,06355213736631495;-0,03972008585394686;0,027804060097762748;0,03972008585394685;4,090103770064209e-17;0,015888034341578733;0,031776068683157424;-0,003972008585394664;0,03972008585394685;0,04766410302473629;0,03177606868315741;-0,055608120195525586;-0,011916025756184034;-0,027804060097762737;0,015888034341578712;0,01588803434157874;0,023832051512368103;0,011916025756184044;-0,019860042926973402;0,003972008585394682;-0,0516361116101309;-0,02780406009776275;-0,03574807726855212;1,4331900002920408e-18;-0,11916025756183997;-0,09532820604947213;-0,11916025756184001;-0,1707963691719708;-0,12313226614723448
2;-0,007950856564586377;0,063606852516691;-0,05565599595210464;0,05565599595210464;0,05565599595210464;0,03180342625834551;-0,007950856564586377;0,02385256969375913;-0,015901713129172754;0,019877141411465942;0,039754282822931884;0,04770513938751826;-0,03577885454063869;0,04372971110522507;-0,03180342625834551;-0,007950856564586377;0,04770513938751826;0,007950856564586377;0,015901713129172754;-0,03180342625834551;0,05963142423439782;-0,05565599595210464;-0,02385256969375913;-0,03577885454063869;0,011926284846879565;-0,17491884442089975;-0,07950856564586356;-0,16696798785631348;-0,22262398380841789;-0,15504170300943368
3;-0,02688829578122205;-0,026888295781222028;-0,003841185111603138;-0,019205925558015743;-0,03457066600442834;-0,019205925558015747;0,05377659156244409;-0,019205925558015743;0,04993540645084094;0,023047110669618905;-0,04225303622763464;-1,2580487850610047e-17;0,019205925558015743;-0,0153647404464126;0,01536474044641259;-0,038411851116031494;0,023047110669618898;-0,007682370223206297;-0,05761777667404723;0,00768237022320632;-0,0614589617856504;0,038411851116031494;0,04993540645084094;0,03457066600442834;-0,061458961785650384;0,06914133200885669;-0,015364740446412607;0,07298251712045985;0,08066488734366613;0,06914133200885668
4;-0,02385690599332349;-0,03578535898998533;-0,03976150998887249;-0,019880754994436294;0,015904603995549008;-0,015904603995549046;0,011928452996661761;0,01192845299666177;-4,414414388350944e-19;7,504504460196606e-18;0,003976150998887254;0,03578535898998525;-0,01192845299666178;0,02783305699221076;0,003976150998887229;-0,00795230199777451;0,03578535898998527;5,297297266021134e-18;-0,007952301997774486;-0,023856905993323515;0,00795230199777452;-0,023856905993323508;-0,00795230199777455;-0,02783305699221077;0,003976150998887249;-0,0556661139844215;-0,03578535898998522;-0,07157071797997083;-0,07554686897885828;-0,07554686897885828
5;-0,03024593139352014;0,09880337588549953;-0,03427872224598948;0,03831151309845885;0,058475467360805604;0,030245931393520144;-0,0181475588361121;0,03427872224598949;-0,030245931393520133;0,030245931393520133;0,04234430395092819;0,06250825821327496;-0,04637709480339755;0,022180349688581426;-0,0423443039509282;-0,022180349688581444;0,0423443039509282;-0,026213140541050804;0,03427872224598949;-0,06654104906574435;0,07863942162315253;-0,09073779418056058;-0,06654104906574435;-0,07460663077068314;0,010081977131173373;-0,23188547401698675;-0,09880337588549952;-0,2197871014595788;-0,3165740819188457;-0,21978710145957842
6;0,043058921925590944;-0,038958072218391794;0,0061512745607987035;-0,055361471047188325;0,014352973975196978;-0,05946232075438756;0,014352973975196966;-0,014352973975196956;0,05946232075438749;-0,030756372803993525;-0,0020504248535995603;0,010252124267997851;0,0717648698759846;-0,0430589219255909;0,026655523096794403;-0,07176486987598489;0,0020504248535995594;-0,03485722251119265;-0,038958072218391794;-0,00205042485359958;0,002050424853599553;-0,06356317046158656;-0,02665552309679434;-0,059462320754387406;-0,04715977163279006;-0,022554673389595204;-0,018453823682396116;-0,06766402016878574;-0,07176486987598515;-0,0963699681191802
7;-0,0039343255729633545;0,06294920916741358;-0,015737302291853352;0,01573730229185335;0,03147460458370671;-0,007868651145926709;-0,01573730229185337;0,015737302291853363;0,011802976718890046;0,015737302291853352;0,039343255729633445;0,02360595343778002;-0,035408930156670085;0,007868651145926688;-0,05508055802148685;-0,027540279010743372;0,059014883594450174;0,003934325572963344;0,05114623244852348;-0,031474604583706704;0,015737302291853376;-0,06688353474037677;-0,027540279010743372;-0,02754027901074336;0,03147460458370672;-0,15343869734556986;-0,13770139505371679;-0,15343869734556997;-0,20458492979409326;-0,14950437177260648
8;-0,01845289274074122;0,022553535572017065;0,018452892740741234;-0,010251607078189602;-0,02255353557201707;0,026654178403292945;0,051258035390947934;-0,014352249909465417;0,010251607078189624;0,026654178403292962;-0,0061509642469137656;0,03895610689712045;0,022553535572017062;-0,0020503214156379103;0,01435224990946542;-0,04305674972839626;-0,010251607078189602;-0,03075482123456877;-0,02255353557201707;-0,030754821234568797;0,022553535572017086;-0,026654178403292955;0,014352249909465405;0,0594593210534996;-0,026654178403292907;-0,09636510653498216;-0,059459321053499645;-0,11686832069136131;-0,10456639219753384;-0,0307548212345688
9;0,004251663788999818;0,012754991366999445;-0,025509982733998827;-0,00850332757799962;0,008503327577999611;0,021258318944999025;0,0042516637889998335;-0,008503327577999617;0,008503327577999613;0,00850332757799961;0,017006655155999244;-0,004251663788999802;-0,0382649741009983;0,004251663788999807;-0,038264974100998335;0,012754991366999471;0,042516637889998155;0,01700665515599925;-0,0042516637889998205;-0,029761646522998664;0,03401331031199842;-0,04251663788999818;-0,017006655155999233;-0,0637749568349972;-0,012754991366999441;-0,12329824988099462;-0,04676830167899799;-0,11054325851399513;-0,15305989640399248;-0,12754991366999444
10;-0,02617740330984287;0,07853220992952882;-0,02215011049294397;0,02215011049294399;0,0463138673943375;0,0020136464084494856;-0,0020136464084494535;0,030204696126741804;-0,018122817676045087;0,030204696126741776;0,04228657457743856;0,034231988943640705;-0,01409552485914618;0,0060409392253483706;-0,07450491711262987;-0,0020136464084494527;0,05436845302813531;0,0140955248591462;-0,026177403309842903;-0,034231988943640684;-0,0020136464084494613;-0,062423038661933106;-0,038259281760539644;-0,03020469612674179;-0,030204696126741797;-0,13894160218301244;-0,11075055246472001;-0,18324182316890036;-0,23156933697168733;-0,14699618781681023
11;0,031121102204473675;0,04279151553115147;-0,011670413326677636;0,019450688877796038;0,011670413326677653;-0,03112110220447369;0,046681653306710535;0,019450688877796045;0,038901377755592104;-0,0427915155311513;-0,031121102204473634;4,453886793870864e-18;0,05835206663338822;-0,02723096442891453;0,07391261773562514;-0,07002247996006579;-0,027230964428914536;-0,0739126177356251;0,01945068887779603;-0,007780275551118447;0,035011239980032985;-0,04279151553115144;-0,027230964428914473;-0,011670413326677643;0,007780275551118447;-0,0272309644289143;0,031121102204473592;-0,042791515531151555;-0,08169289328674266;-0,035011239980032895
12;0,007882144476212364;-0,05911608357159291;-1,1048059579652624e-17;-0,03152857790484949;0,003941072238106193;0,015764288952424765;0,0512339390953804;-0,023646433428637103;0,039410722381061865;-0,027587505666743294;-0,01970536119053093;-0,023646433428637103;0,05911608357159283;-0,031528577904849496;0,03941072238106196;-0,0275875056667433;-0,05123393909538051;-0,023646433428637117;-0,043351794619168105;0,019705361190530922;-0,011823216714318541;0,04335179461916812;0,03152857790484943;0,015764288952424738;-0,019705361190530925;0,07882144476212367;0,047292866857274435;0,06305715580969917;0,12611431161939723;0,07488037252401755
13;0,034230678959318424;-0,03803408773257608;0,01141022631977284;-0,04183749650583366;0,07606817546515232;-0,030427270186060902;0,04183749650583365;4,486546491640169e-19;0,019017043866288066;0,03423067895931861;0,06465794914537948;-0,019017043866288066;0,02282045263954568;-0,03803408773257609;0,015213635093030463;-0,015213635093030453;-0,022820452639545644;-0,02282045263954568;-0,034230678959318465;0,01141022631977284;-0,02282045263954571;-0,019017043866288063;-0,04564090527909141;0,02282045263954568;-0,03423067895931848;-0,01901704386628805;-0,0038034087732576063;-0,01141022631977284;-0,007606817546515226;0,01141022631977284
14;-0,0062566430632588115;-0,03128321531629415;-0,006256643063258823;-0,039625406067305934;0,027112119940788274;0,010427738438764727;-0,010427738438764721;-0,01042773843876471;0,0020855476877529528;-0,03545431069180005;0,018769929189776505;-0,0020855476877529562;-0,010427738438764734;0,0020855476877529363;-0,010427738438764721;-0,006256643063258835;0,006256643063258803;-0,03128321531629417;-0,05213869219382361;-0,027112119940788285;-0,04796759681831772;-0,039625406067305954;-0,010427738438764737;-0,018769929189776498;-0,06465197832034128;0,006256643063258873;-0,06048088294483539;-0,010427738438764714;0,0062566430632588635;-0,02294102456528241
15;0,014408081518789358;-0,002058297359827036;0,01029148679913525;0,018524676238443453;0,010291486799135252;-0,02264127095809755;0,026757865677751652;-0,00617489207948115;0,02264127095809755;-0,00617489207948115;0,022641270958097537;0,030874460397405743;0,006174892079481165;-0,014408081518789348;0,018524676238443442;0,014408081518789355;-0,014408081518789355;-0,010291486799135253;-0,0802735970332548;0,014408081518789351;-0,04322424455636805;-0,006174892079481149;-0,0020582973598270685;-0,0020582973598270667;-0,08850678647256302;-0,006174892079481167;-0,06380721815463845;-0,01852467623844344;0,01029148679913525;-0,010291486799135247
16;0,009574556722766595;0,017234202100979916;-0,051702606302939685;0,02106402479008654;0,02872367016829982;0,009574556722766615;0,047872783613833035;-0,0440429609247264;0,04787278361383303;-0,044042960924726406;0,00574473403365995;-0,00574473403365995;0,0019149113445533258;-0,01723420210097988;0,04021313823561976;-0,03638331554651311;-0,02106402479008654;-0,028723670168299822;-0,013404379411873243;0,03638331554651308;0,02489384747919318;-0,04021313823561976;-0,017234202100979895;0,00957455672276658;-0,005744734033659964;-0,04021313823561976;-0,017234202100979916;-0,06319207437025962;-0,0708517197484729;-0,06319207437025966
17;0,02135894144291953;0,00854357657716779;0,004271788288583893;-0,008543576577167785;0,01281536486575173;-0,01281536486575168;0,029902518020087317;0,034174306308671146;-0,008543576577167797;0,008543576577167792;0,0085435765771678;-0,025630729731503446;0,03417430630867111;-0,03417430630867117;0,0213589414429195;-0,07262040090592625;-0,02135894144291953;-0,004271788288583845;0,012815364865751699;0,025630729731503425;0,021358941442919454;-0,01708715315433559;-0,0042717882885839045;-0,02563072973150333;0,012815364865751699;-0,034174306308671035;-0,008543576577167797;-0,06407682432875873;-0,08970755406026108;-0,0640768243287587
18;-0,02868972933736359;0,08197065524961039;-0,049182393149766294;0,0327882620998441;0,0450838603872857;0,045083860387285714;-0,045083860387285755;0,008197065524961033;-0,02459119657488308;0,0327882620998441;0,02049266381240257;0,04508386038728574;-0,057379458674727324;0,008197065524961035;-0,05737945867472734;-0,008197065524961042;0,024591196574883085;0,032788262099844166;0,0327882620998441;-0,06147799143720779;0,057379458674727296;-0,09426625353705191;-0,06557652419968829;-0,06557652419968832;0,008197065524961035;-0,2049266381240243;-0,10656185182449351;-0,18443397431162198;-0,2623060967987515;-0,20902517088650469
19;-0,01784453749547801;0,061464518039979626;-0,005948179165159327;0,03767180137934243;0,017844537495478013;0,03767180137934243;-0,009913631941932228;0,02180999027225091;-0,00594817916515933;0,021809990272250914;0,017844537495477996;0,03370634860256957;-0,053533612486434;0,009913631941932219;-0,03370634860256958;-0,029740895825796667;0,025775443049023797;0,021809990272250904;0,005948179165159336;-0,061464518039979724;0,0535336124864339;-0,10111904580770882;-0,04560270693288819;-0,05749906526320681;-0,00991363194193222;-0,2042208180038025;-0,09318814025416322;-0,2081862707805758;-0,24784079854830415;-0,1843935541199383
20;-0,030299691677965885;0,0626193628011295;0,010099897225988613;0,002019979445197716;0,05049948612994313;0,034339650568361337;0,014139856116384072;-0,022219773897174954;0,018179815006779506;-0,03837960945875673;0,014139856116384068;0,010099897225988634;-0,010099897225988603;0,030299691677965868;-0,038379609458756764;-0,010099897225988653;0,03433965056836133;0,026259732787570413;-0,002019979445197742;-0,0060599383355931956;-0,014139856116384037;-0,026259732787570465;-0,0020199794451977258;-0,010099897225988592;-0,006059938335593183;-0,09493903392429255;-0,11917878726666546;-0,1070589105954787;-0,16765829395141055;-0,13533862282824685
21;-0,018377644672741007;0,08780430232531822;-0,04288117090306241;0,0387972498646755;0,046965091941449315;0,03471332882628864;-0,0020419605191934406;0,0428811709030624;-0,014293723634354093;0,03471332882628863;0,05921685505661;0,05513293401822308;-0,0347133288262886;-0,0020419605191934484;-0,03471332882628862;-0,010209802595967226;0,042881170903062406;-0,018377644672741004;0,03879724986467552;-0,05921685505660996;0,05921685505660997;-0,059216855056609945;-0,042881170903062406;-0,05921685505660997;0,01429372363435412;-0,20215409140015123;-0,1082239075172527;-0,19398624932337744;-0,2838325121678881;-0,19807017036176433
22;-0,047123332029059994;0,1126862287651438;-0,04712333202905997;0,026634926799033867;0,08400246144310715;0,02663492679903388;-0,0020488405230026075;-0,0143418836610183;0,014341883661018294;-0,006146521569007832;0,026634926799033908;0,03073260784503913;-0,006146521569007874;-0,014341883661018271;0,002048840523002579;-0,05122101307506524;0,018439564707023518;-0,022537245753028696;-0,010244202615013038;-0,04302565098305475;0,030732607845039103;-0,04712333202905998;-0,059416375167075645;-0,05941637516707562;-0,014341883661018268;-0,17005376340921713;-0,08810014248911252;-0,1536630392251962;-0,2356166601453007;-0,1618584013172067
23;0,004083708200920884;-0,004083708200920858;-0,004083708200920874;-0,016334832803683523;-0,020418541004604426;0,008167416401841739;0,0490044984110505;-0,004083708200920862;0,020418541004604437;0,036753373808287915;0,05308820661197155;0,040837082009208825;-0,016334832803683526;-0,0040837082009208825;-0,036753373808287935;0,03675337380828789;0,06533933121473412;0,02041854100460438;0,03675337380828795;-0,06942303941565502;0,06533933121473413;-0,06942303941565502;-0,012251124602762634;-0,05717191481289238;0,020418541004604388;-0,12659495422854736;-0,03266966560736695;-0,11434382962578474;-0,11842753782670562;-0,14292978703223036
24;0,048187628733572116;-0,05589764933094362;0,08673773172042971;-0,01734754634408593;-0,025057566941457474;-0,1060127832138585;0,05204263903225785;-0,03662259783751487;0,05204263903225785;-0,04818762873357205;-0,04047760813620059;-0,040477608136200535;0,05204263903225788;-0,09059274201911538;0,08288272142174391;-0,032767587538828975;-0,03662259783751481;-0,05204263903225778;-0,09830276261648696;0,040477608136200605;-0,08288272142174397;0,001927505149342881;0,013492536045400166;0,04047760813620064;-0,0944477523178012;0,08288272142174401;-0,005782515448028758;0,02120255664277169;0,12143282440860156;0,11757781410991586
25;0,025933746108078616;-0,001994903546775217;-0,013964324827426941;-0,009974517733876375;-0,005984710640325817;-0,017954131920977508;0,041892974482280805;-0,005984710640325793;0,029923553201629174;0,01795413192097747;0,041892974482280715;0,029923553201629084;-0,03391336029517961;0,009974517733876373;0,0059847106403258105;0,001994903546775286;0,0658318170435841;0,05785220285648298;0,005984710640325834;-0,045882781575831325;0,06184200995003352;-0,08179104541778646;-0,033913360295179704;-0,02593374610807856;-0,013964324827426938;-0,10572988797909028;-0,013964324827426922;-0,1256789234468427;-0,11769930925974231;-0,1097196950726409
26;-0,00610393138740053;-0,0020346437958001624;0,022381081753801917;0,010173218979000845;-0,018311794162201585;-0,07528182044460653;0,042727519711803615;0,014242506570601202;0,00610393138740051;-0,002034643795800165;0,030519656937002655;0,014242506570601205;0,018311794162201626;-0,018311794162201564;0,018311794162201564;0,02645036934540225;-0,042727519711803566;-0,034588944528602915;-0,0020346437958001944;-0,014242506570601205;0,018311794162201554;0,034588944528602894;-0,03051965693700261;0,002034643795800156;-0,0020346437958001823;0,006103931387400489;0,05493538248660452;0,05900467007820485;-0,006103931387400484;-0,01831179416220147
27;-0,016126410461162175;0,07660044969052054;-0,02015801307645272;0,028221218307033828;0,028221218307033818;0,036284423537614956;0,004031602615290547;0,016126410461162203;0,004031602615290561;0,004031602615290559;0,012094807845871644;0,024189615691743264;-0,03225282092232436;0,020158013076452732;-0,004031602615290567;-0,02418961569174328;0,06047403922935826;-1,3427934148903691e-17;0,0040316026152905655;-0,04031602615290555;0,056442436614067795;-0,07256884707522993;-0,04031602615290553;-0,05241083399877724;-0,012094807845871637;-0,1652957072269126;-0,08063205230581107;-0,17335891245749366;-0,22576974645627088;-0,16529570722691264
28;0,03343215065129347;-0,05850626363976361;-0,016716075325646788;0,012537056494235069;0,020895094157058477;-0,037611169482705153;0,033432150651293464;-0,008358037662823373;0,0334321506512935;-0,025074112988470103;0,02089509415705849;-0,04179018831411687;0,01671607532564677;0,01253705649423502;-0,012537056494235099;0,045969207145528566;-0,004179018831411703;-0,008358037662823368;-0,02089509415705843;0,050148225976940235;-0,06268528247117525;0,05850626363976363;0,05014822597694023;0,033432150651293444;-0,012537056494235066;0,07522233896541028;0,033432150651293464;0,133728602605174;0,13790762143658586;0,1044754707852921
29;-0,028257986244333608;0,08881081391076288;-0,04036855177761949;0,0403685517776195;0,06055282766642927;0,024221131066571658;-0,020184275888809708;0,0403685517776195;-0,020184275888809722;0,0201842758888097;0,020184275888809725;0,04440540695538147;-0,020184275888809722;0,024221131066571665;-0,020184275888809722;-0,03229484142209556;0,04440540695538146;-0,024221131066571693;0,048442262133143406;-0,05247911731090538;0,06458968284419124;-0,09284766908852476;-0,06458968284419118;-0,0888108139107629;0,03229484142209555;-0,19376904853257185;-0,08073710355523897;-0,201842758888096;-0,29065357279885856;-0,2139533244213817
30;0,027921483498482773;-0,03191026685540889;-0,007977566713852219;-0,01595513342770445;-0,019943916784630533;-0,03589905021233497;0,08775323385237421;-0,003988783356926098;0,08376445049544806;-0,059831750353891607;-0,05584296699696545;-0,03589905021233498;0,0558429669969655;0,01595513342770442;0,05185418364003941;-0,01994391678463049;-0,011966350070778313;-0,02393270014155666;0,027921483498482703;0,023932700141556653;0,055842966996965435;-0,023932700141556598;-0,011966350070778366;0,011966350070778314;0,027921483498482724;0,007977566713852196;0,035899050212334985;-0,04387661692618701;-0,01196635007077832;-0,01595513342770446
31;-0,032059815295620075;-0,06411963059124005;-0,004007476911952515;-0,03606729220757254;-0,012022430735857554;-0,01602990764781003;0,02404486147171508;-0,016029907647810055;0,040074769119525046;0,004007476911952518;-0,01602990764781005;-0,0040074769119525025;0,01602990764781009;0,0240448614717151;-0,008014953823905095;-0,016029907647810038;0,03205981529562007;-0,01202243073585755;0,01602990764781003;-0,03205981529562008;-0,012022430735857565;-0,016029907647810038;0,00801495382390503;0,012022430735857561;0,01602990764781004;-0,020037384559762512;-0,00400747691195253;-0,048089722943430384;-0,012022430735857459;-0,004007476911952581
32;-0,04049205287164319;-0,001928192993887771;-0,02121012293276548;-0,009640964969438854;-0,013497350957214396;0,0019281929938877714;0,02121012293276548;0,0057845789816633126;0,0057845789816633126;0,028922894908316565;-0,01735373694498994;0,013497350957214396;0,02121012293276548;0,009640964969438854;-0,01735373694498994;-0,0057845789816633126;0,032779280896092104;-0,013497350957214396;0,009640964969438854;-0,03663566688386765;-0,001928192993887771;-0,05591759682274536;-0,0019281929938877714;0,025066508920541023;0,0019281929938877718;-0,05591759682274538;-0,05591759682274536;-0,07905591274939919;-0,0597739828105209;-0,013497350957214398
33;-0,04327356252172717;0,09048108527270193;-0,05507544320947094;0,04327356252172717;0,055075443209470956;0,011801880687743769;-0,027537721604735475;0,05900940343871887;-0,06294336366796678;0,05114148298022302;0,051141482980223044;0,0786792045849583;-0,03540564206323132;0,047207522750975096;-0,051141482980223016;-0,0157358409169917;0,05900940343871886;0,0039339602292479195;0,03933960229247926;-0,027537721604735464;0,0668773238972147;-0,06294336366796678;-0,04327356252172717;-0,05900940343871888;0,02360376137548756;-0,17702821031615731;-0,10228296596044562;-0,16129236939916533;-0,2557074149011162;-0,20849989215014114
34;0,027991044298507406;0,07197697105330483;-0,0319897649125799;0,015994882456289956;0,007997441228144985;0,047984647368869954;0,003998720614072481;0,011996161842217462;-0,031989764912579884;0,03998720614072492;0,05598208859701493;0,04398592675479744;0,007997441228144966;-0,0039987206140724854;-0,003998720614072489;1,420630942331687e-17;0,05598208859701491;0,015994882456289952;0,003998720614072506;-0,0399872061407249;0,02399232368443491;-0,039987206140724936;-0,03598848552665241;-0,03598848552665242;-0,007997441228144973;-0,1599488245628991;-0,11196417719402939;-0,14395394210660922;-0,247920678072494;-0,15994882456289916
35;-0,0019916091023195297;0,025890918330154118;-0,01792448192087587;-0,03385735473943232;-0,02987413653479322;-0,013941263716236855;0,06970631858118415;-0,0019916091023195475;0,021907700125515035;-0,005974827306958662;-0,005974827306958673;0,037840572944071525;0,04580700935334951;-0,005974827306958662;0,017924481920875982;-0,0338573547394324;0,005974827306958629;-0,04580700935334961;-0,04580700935334962;-0,0458070093533497;-0,05775666396726686;-0,013941263716236869;-0,02987413653479323;-0,041823791148710626;-0,03385735473943233;-0,05377344576262811;-0,00995804551159775;-0,04979022755798898;-0,10555528242293628;-0,06572310037654534
36;0,06753820963502095;-0,01688455240875519;0,0211056905109441;-0,02532682861313291;-0,04643251912407692;-0,0042211381021888175;0,05909593343064335;-0,054874795328454525;0,08442276204377647;-0,050653657226265705;-0,025326828613132957;-0,05065365722626573;-0,00844227620437765;0,004221138102188793;0,021105690510944103;-0,008442276204377635;-0,02532682861313292;-0,02110569051094407;0,02532682861313285;-0,02532682861313287;0,029547966715321672;-0,012663414306566487;-0,08442276204377618;-0,004221138102188811;0,029547966715321675;-0,03376910481751083;0,016884552408755197;-0,033769104817510776;-0,016884552408755114;-0,033769104817510776
37;0,011801241477229283;-0,07867494318152861;-9,171407005026942e-18;-0,05507246022707006;-0,05507246022707009;-0,019668735795382135;0,055072460227070075;-0,039337471590764346;0,06687370170429933;-0,05113871306799364;-0,05113871306799364;-0,03146997727261142;0,06687370170429935;-0,003933747159076428;0,0550724602270701;-0,039337471590764304;-0,0747411960224522;-0,01966873579538214;0,007867494318152852;-0,011801241477229244;0,003933747159076435;0,027536230113534996;-0,003933747159076424;0,02753623011353499;0,027536230113534985;0,09047618465875822;0,07867494318152861;0,07474119602245244;0,12587990909044594;0,11014492045414014
38;0,048421046423895664;0,008803826622526482;0,004401913311263242;-0,04401913311263242;-0,013205739933789727;-0,048421046423895664;5,1314607860968355e-18;-6,108881888210519e-18;0,07043061298021187;-0,013205739933789727;0,017607653245052972;0,026411479867579454;0,026411479867579458;-0,004401913311263239;0,0044019133112632464;-0,022009566556316217;0,02641147986757946;-0,01320573993378973;-0,008803826622526484;-0,008803826622526486;0,004401913311263239;-0,013205739933789727;0,01760765324505297;-0,03961721980136918;-0,030813393178842696;-0,022009566556316217;-0,030813393178842696;-0,026411479867579458;-0,07483252629147512;-0,08363635291400162
39;-0,06007532528386341;0,06436641994699649;-0,10298627191519465;0,04291094663133098;0,030037662641931757;0,06865751461012963;5,419132009036775e-18;0,042910946631331034;0,0042910946631331;0,0600753252838634;0,021455473315665535;0,06007532528386339;-0,021455473315665535;0,042910946631331014;-0,06865751461012966;0,034328757305064836;0,03861985196819787;0,05149313595759729;0,021455473315665535;-0,008582189326266202;0,008582189326266216;-0,0042910946631331045;-0,030037662641931757;0,030037662641931803;3,037095961108522e-18;-0,06436641994699623;-0,055784230620730214;-0,03861985196819803;-0,10298627191519505;-0,05149313595759715
40;0,03261992827018215;-0,0489298924052732;-0,008154982067545561;-0,008154982067545512;-0,016309964135091042;-0,01630996413509104;0,028542437236409358;0,03669741930395489;0,04077491033772766;0,024464946202636565;0,032619928270182126;0,01630996413509104;0,04485240137150043;-0,036697419303954905;0,020387455168863856;0,024464946202636593;0,004077491033772755;-0,020387455168863828;-0,01630996413509102;-0,024464946202636586;-0,020387455168863852;0,048929892405273186;-0,036697419303954905;0,020387455168863863;-0,020387455168863824;-0,012232473101318385;0,02446494620263666;0,03669741930395491;0,012232473101318241;-0,008154982067545682
41;0,007702169592754703;-0,023106508778264125;-0,003851084796377345;-0,011553254389132048;0,03080867837101875;-0,015404339185509356;0,026957593574641458;-0,019255423981886753;0,03851084796377336;-0,042361932760150725;-0,02695759357464146;-0,042361932760150746;0,00770216959275472;-0,030808678371018736;5,437981704262057e-18;0,030808678371018756;0,0038510847963773424;-0,019255423981886722;-2,855274423097793e-17;-0,02695759357464133;0,026957593574641385;-0,03465976316739619;-0,053915187149282826;-0,02695759357464139;-0,007702169592754713;-0,03465976316739617;0,011553254389132035;-0,034659763167396294;-0,05776627194566024;-0,06546844153841512
42;0,012161806818724728;0,056755098487382104;-0,016215742424966328;0,008107871212483162;-0,032431484849932614;-8,382689061364678e-18;0,04864722727489894;0,036485420456174214;0,02837754924369104;0,008107871212483155;0,0202696780312079;0,02432361363744947;-0,016215742424966317;-0,02432361363744947;0,016215742424966314;-0,04053935606241577;-4,7820709410469636e-18;-0,02432361363744946;-0,05270116288114051;-0,04864722727489894;0,012161806818724736;0,008107871212483148;-0,028377549243691045;-0,032431484849932635;-0,04864722727489893;-0,10540232576228031;-0,02432361363744947;-0,060809034093623676;-0,1337798750059715;-0,09729445454979696
43;-0,002024644129839855;-0,04251752672663678;0,018221797168558613;-0,01012322064919924;0,022271085428238257;-0,018221797168558644;0,05061610324599613;-0,0060739323895195475;0,05871467976535557;0,010123220649199247;0,014172508908878884;-0,04251752672663672;0,04251752672663671;-0,038468238466957114;0,034418950207277414;0,022271085428238344;-0,05871467976535554;-0,046566814986316485;-0,002024644129839846;0,010123220649199237;-0,014172508908878936;0,03846823846695709;-0,006073932389519561;-0,006073932389519541;0,010123220649199247;0,022271085428238368;0,010123220649199223;0,06276396802503512;0,01417250890887894;0,002024644129839803
44;0,021949180630839817;-0,057866021663122956;0,009976900286745364;-0,03392146097493424;-0,029930700860236106;-0,06983830200721763;0,02593994074553796;-0,04589374131902862;0,04190298120433046;-0,013967660401443515;-0,04589374131902859;0,0019953800573490757;0,03392146097493425;-0,001995380057349067;0,04988450143372672;0,001995380057349072;-0,03392146097493431;-0,009976900286745407;-0,07382906212191581;-0,00598614017204722;-0,08181058235131215;0,033921460974934245;0,041902981204330454;0,04190298120433046;-0,05786602166312307;0,1217181834982941;0,057866021663123005;0,11373666326889766;0,16960730487467046;0,14965350430118032
45;-0,03617989956473883;0,10853969869421642;-0,07637978797000416;0,04823986608631838;0,06431982144842448;0,0200999442026327;-0,03215991072421233;0,01607995536210615;-0,012059966521579599;-0,012059966521579604;0,016079955362106147;0,04421987724579182;-0,07235979912947756;0,05225985492684494;-0,05627984376737145;-0,0040199888405265385;0,04823986608631836;0,02813992188368577;-0,008039977681053063;-0,020099944202632707;0,024119933043159257;-0,052259854926844956;-0,04421987724579185;-0,03617989956473885;-0,02411993304315922;-0,14069960941842904;-0,11255968753474302;-0,11255968753474296;-0,21707939738843493;-0,15275957594000908
46;-0,014679504764044001;0,006291216327447418;-0,06081509116532508;-0,002097072109149122;0,048232658510430286;0,027261937418938776;-0,006291216327447404;-0,010485360545745668;-0,0020970721091491335;0,027261937418938786;0,010485360545745717;0,031456081637237066;-0,01467950476404403;-0,010485360545745684;-0,03145608163723705;-0,006291216327447408;0,027261937418938786;0,00629121632744743;0,02726193741893877;-0,08178581225681646;0,08597995647511475;-0,060815091165325075;-0,06920337960192163;-0,0398443700738337;0,01467950476404396;-0,14469797553129068;0,03565022585553534;-0,09436824491171135;-0,1405038313129925;-0,11953311022150113
47;-0,0275377216047351;0,05900940343871808;-0,003933960229247879;0,015735840916991515;0,035405642063230845;0,035405642063230824;0,003933960229247862;0,019669801146239375;-0,00393396022924786;0,007867920458495747;0,015735840916991543;0,04720752275097447;-0,007867920458495744;0,02360376137548723;-0,01573584091699152;-0,003933960229247885;0,0432735625217266;-9,499471763223662e-18;0,023603761375487246;-0,05114148298022235;0,027537721604735096;-0,04327356252172662;-0,015735840916991522;-0,03147168183398299;0,015735840916991508;-0,13375464779442814;-0,08261316481420569;-0,1298206875651802;-0,18883009100389636;-0,12195276710668486
48;-0,024156852376094256;0,08454898331632955;-0,05233984681487087;0,020130710313411872;0,05636598887755325;0,02818299443877667;-0,03220913650145901;-0,01610456825072944;1,5979948335786398e-17;0,012078426188047116;0,03220913650145903;0,06441827300291794;-0,03220913650145903;0,012078426188047116;-0,05636598887755325;-0,008052284125364729;0,05233984681487087;0,044287562689506094;-0,01207842618804711;-0,016104568250729503;0,016104568250729485;-0,03623527856414135;0,008052284125364762;-0,02013071031341183;-0,02415685237609421;-0,1167581198177881;-0,120784261880471;-0,10467969362974108;-0,2053332451968026;-0,14494111425656533
49;-0,023603761375486983;-0,011801880687743495;-0,003933960229247831;-0,00786792045849565;-0,003933960229247828;-0,03933960229247839;0,03540564206323058;-0,003933960229247828;0,015735840916991317;-0,003933960229247832;0,01966980114623916;0,023603761375486997;0,011801880687743457;-0,02360376137548699;-0,003933960229247832;0,02753772160473482;-0,003933960229247835;-0,035405642063230484;0,023603761375487007;-0,011801880687743495;0,01573584091699133;-0,07474524435570881;0,019669801146239164;-0,003933960229247834;0,011801880687743481;-0,035405642063230436;0,0275377216047348;-0,07867920458495647;-0,04720752275097363;-0,011801880687743498
50;0,02720072619136654;-0,05051563435539508;1,4182684765355805e-17;-0,023314908164028425;-0,031086544218704583;-0,007771636054676162;0,019429090136690363;0,027200726191366546;0,007771636054676164;0,034972362246042575;0,003885818027338051;0,042743998300718775;0,05828727041007111;-0,031086544218704663;0,023314908164028474;-0,05828727041007115;-0,09325963265611364;-0,06217308843740924;0,011657454082014242;-0,03885818027338061;-0,04274399830071897;-0,02331490816402847;-0,062173088437409284;-0,02331490816402846;0,03497236224604261;-9,113588309297075e-18;0,046629816328057024;-0,015543272109352342;-0,015543272109352356;-0,003885818027338165
51;0,030567544420203728;-0,04967225968283104;0,003820943052525463;-0,04967225968283104;-0,072597917997984;-0,06113508884040744;0,04203037357778012;0,003820943052525447;0,030567544420203714;-0,011462829157576406;-0,03056754442020372;0,019104715262627334;0,045851316630305575;-0,0534932027353565;0,02292565831515278;0,0038209430525254673;-0,011462829157576395;-0,030567544420203714;-0,015283772210101854;0,0038209430525254777;-0,030567544420203714;0,04585131663030557;0,07259791799798399;0,07641886105050952;-0,0038209430525254595;0,030567544420203693;0,04967225968283104;0,04203037357778011;0,08406074715556125;0,09552357631313711
52;-0,025915188789634606;-0,0059804281822233765;-0,013954332425187862;0,0019934760607411297;0,0059804281822233695;-0,013954332425187871;-0,029902140911116863;-0,013954332425187871;-0,025915188789634613;-0,005980428182223373;-0,009967380303705625;-0,001993476060741124;-0,037876045154081474;-0,021928236668152336;-0,013954332425187871;-0,045849949397045814;0,05382385364001044;0,013954332425187871;-0,045849949397045786;0,04983690151852801;-0,0019934760607411223;0,021928236668152367;0,04186299727556352;0,025915188789634624;-0,049836901518528064;-0,005980428182223376;-0,06179775788297502;0,013954332425187874;-0,02990214091111686;-0,001993476060741127
53;0,00611894579645113;-0,03059472898225565;-0,0020396485988170396;-0,014277540191719307;0,006118945796451133;-0,010198242994085213;0,030594728982255664;-0,0020396485988170517;0,01835683738935339;-0,010198242994085213;0,03467402617988962;0,03875332337752375;0,09994278134203498;-0,038753323377523886;0,05914980936569436;-0,04691191777279201;-0,03875332337752394;-0,07138770095859655;0,010198242994085218;-0,03467402617988965;0,0061189457964511435;-0,02243613458698747;-0,07954629535386483;-0,03467402617988963;0,03059472898225567;-0,0469119177727917;0,0020396485988170648;-0,03059472898225574;-0,0469119177727916;-0,026515431784621662
54;0,02538099315747891;-0,08004774765051051;-0,0019523840890368523;-0,017571456801331514;-0,03709529769169984;-0,0488096022259208;0,04100006586977349;-0,013666688623257832;0,05661913858206817;-0,013666688623257834;-0,029285761335552555;-0,03319052951362623;0,060523906760141834;-0,033190529513626194;0,060523906760141834;-0,0019523840890368338;-0,06052390676014184;0,0058571522671104995;-0,03319052951362622;0,02538099315747887;-0,052714370403994446;0,04490483404784713;0,03709529769169984;0,06442867493821551;-0,021476224979405222;0,12690496578739482;0,08395251582858415;0,08785728400665796;0,1659526475681302;0,16204787939005647
55;-0,0435320213491473;0,05936184729429177;-0,035617108376575085;0,023744738917716713;0,039574564862861206;0,003957456486286094;-0,011872369458858327;0,043532021349147305;-0,0474894778354334;0,023744738917716727;0,03165965189028899;0,05144693432171954;-0,003957456486286115;0,0197872824314306;-0,0395745648628612;-0,023744738917716692;0,04748947783543343;0,007914912972572234;0,03165965189028898;-0,043532021349147326;0,03957456486286124;-0,07123421675315013;-0,05144693432171953;-0,047489477835433454;0,015829825945144482;-0,17017062891030307;-0,09497895567086681;-0,14246843350630023;-0,23348993269088095;-0,16621317242401695
56;0,012545933373768461;0,012545933373768463;-0,00418197779125615;-0,03345582233004923;0,008363955582512319;0,01254593337376845;0,037637800121305375;-0,046001755703817676;0,03345582233004922;-0,04181977791256153;-0,025091866747536915;-0,012545933373768458;-0,050183733495073816;0,00418197779125616;-0,046001755703817676;0,020909888956280764;0,029273844538793066;0,04600175570381768;-0,008363955582512312;-0,03763780012130537;0,00836395558251231;-0,05854768907758613;-0,05018373349507383;-0,06691164466009844;-0,020909888956280764;-0,10873142257265996;-0,046001755703817676;-0,09200351140763535;-0,13800526711145303;-0,12127735594642841
57;0,006054012685845806;-0,058522122629842785;-0,002018004228615269;-0,082738173373226;-0,054486114172612246;-0,018162038057537414;0,030270063429229027;-0,018162038057537425;0,030270063429229034;-0,04237808880092064;-0,018162038057537414;0,010090021143076335;0,058522122629842785;-0,0383420803436901;0,04641409725815117;-0,07063014800153439;-0,014126029600306879;-0,06659413954430386;-0,042378088800920644;-0,006054012685845802;-0,06659413954430386;-0,010090021143076333;-0,014126029600306875;0,0060540126858458125;-0,022198046514767956;-0,018162038057537397;-0,030270063429229027;-0,03430607188645955;-0,04641409725815116;-0,0181620380575374
58;-0,008586617537616284;0,01717323507523254;-0,01287992630642444;-0,00858661753761628;-0,004293308768808139;0,021466543844040724;0,030053161381657003;0,008586617537616258;0,047226396456889565;0,01287992630642444;0,042933087688081434;0,021466543844040734;-0,02146654384404073;0,01287992630642442;-0,03863977891927329;0,021466543844040717;0,05151970522569772;4,7665302469558835e-19;0,05151970522569773;-0,04293308768808145;0,06869294030093029;-0,06869294030093029;-0,05151970522569772;-0,05581301399450588;0,03005316138165701;-0,13309257183305245;-0,042933087688081455;-0,14597249813947685;-0,1760256595211339;-0,16314573321470946
59;0,029160845203996668;0,004165835029142386;-0,00833167005828476;-0,03332668023313904;1,0521888572977328e-17;-5,781257457679851e-19;0,024995010174854282;0,054155855378850946;-0,004165835029142388;0,0416583502914238;0,029160845203996658;0,004165835029142382;0,02499501017485429;-0,03332668023313904;0,016663340116569527;-0,012497505087427141;0,02082917514571189;-0,049990020349708564;0,024995010174854275;-0,045824185320566174;0,058321690407993315;-0,04582418532056618;-0,016663340116569513;-0,0416583502914238;0,016663340116569513;-0,11664338081598731;-0,008331670058284762;-0,10414587572856017;-0,15413589607826783;-0,09998004069941796
60;-0,027725435960446455;-0,01980388282889034;0,003960776565778054;-0,011882329697334207;0,035646989092002576;-0,05149009535511485;0,007921553131556132;0,011882329697334196;0,023764659394668392;-0,007921553131556127;0,01188232969733419;0,01584310626311226;0,01980388282889033;0,027725435960446455;-0,003960776565778058;0,08317630788133937;-0,003960776565778055;0,0118823296973342;-0,04356854222355872;0,05941164848667098;-0,0792155313155613;0,08713708444711744;0,02376465939466839;0,06733320161822709;-0,04752931878933679;0,10298019071022971;-0,047529318789336784;0,11882329697334196;0,08713708444711743;0,1148625204075639
61;0,005683377948814662;-0,0208390524789871;-0,0397836456417026;0,017050133846443955;-0,043572564274245766;-0,03599472700915955;0,032205808376616414;-0,005683377948814667;0,04736148290678885;-0,020839052478987097;-0,04357256427424578;-0,03599472700915953;0,08146175059967684;-0,05115040153933195;0,05872823880441816;-0,01705013384644398;-0,05115040153933196;-0,06251715743696128;-0,04736148290678887;0,0549393201718751;-0,08146175059967684;0,09661742512984925;0,054939320171875076;0,07767283196713372;-0,02841688974407331;0,157240123250539;0,06251715743696126;0,15724012325053896;0,17997363504579764;0,16860687914816833
62;0,016090489916666298;-0,056316714708331966;-0,004022622479166564;-0,040226224791665675;-0,01609048991666624;-0,04424884727083227;0,03218097983333257;-0,01609048991666627;0,05229409222916535;-0,01206786743749969;-0,02413573487499947;-0,012067867437499687;0,032180979833332624;0,040226224791665745;-0,024135734874999416;-0,008045244958333121;0,02011311239583285;-0,02413573487499946;-0,03218097983333263;0,024135734874999454;-0,040226224791665606;0,03620360231249909;0,020113112395832886;0,08045244958333163;-0,03620360231249913;0,044248847270831955;-0,012067867437499796;0,04827146974999859;0,028158357354166146;0,056316714708331654
63;-0,06171345085511646;0,04578739902153806;-0,02986134718795958;0,0139352953543811;0,06967647677190567;0,013935295354381105;-0,005972269437591904;-0,021898321271170317;0,0019907564791973083;0,009953782395986526;0,017916808312775707;0,037824373104748794;-0,021898321271170345;-0,009953782395986552;-0,04180588606314341;-0,03384286014635418;0,029861347187959603;0,02587983422956496;-0,02986134718795958;0,009953782395986556;-0,01791680831277574;-0,03782437310474879;0,01393529535438114;-0,025879834229564976;-0,0418058860631434;-0,053750424938327296;-0,10949160635585174;-0,10949160635585177;-0,12143614523103564;-0,1293991711478248
64;0,026435927368483318;-0,0020335328744987063;-0,002033532874498707;-0,04677125611347047;-0,01016766437249357;-0,05897245336046283;0,05490538761146534;-0,026435927368483353;0,07117365060745492;-0,002033532874498721;-0,01016766437249355;0,054905387611465316;0,01423473012149103;0,010167664372493586;0,018301795870488483;-0,04677125611347049;-0,010167664372493546;-0,010167664372493574;0,0101676643724936;-0,05083832186246786;-0,0020335328744987137;-0,0874419136034449;-0,038637124615475575;-0,018301795870488444;0,006100598623496154;-0,07930778210545045;-0,01016766437249359;-0,0915089793524429;-0,11184430809743041;-0,05490538761146522
65;-0,009585247678490111;-0,03642394117826247;-0,009585247678490125;-0,028755743035470464;-0,04792623839245062;-0,01341934674988622;0,047926238392450735;-0,009585247678490158;0,04025804024965859;-0,03258984210686648;-0,04025804024965854;0,0019170495356980372;0,06709673374943123;-0,02875574303547046;0,10543772446339185;-0,06326263467803496;-0,02492164396407441;-0,047926238392450735;-0,05942853560663887;0,005751148607094088;-0,04025804024965853;-0,005751148607094098;-0,024921643964074383;0,00958524767849015;-0,04409213932105467;0,047926238392450464;0,021087544892678358;0,028755743035470495;0,03258984210686656;0,06326263467803475
66;-0,043197898905293824;0,09668101183565792;-0,06376832695543373;0,04319789890529382;0,04319789890529383;0,055540155735377725;-0,0431978989052938;0,02674155646518191;-0,030855642075209924;0,0308556420752099;0,05142607012534977;0,04731198451532178;-0,06788241256546174;0,030855642075209896;-0,06376832695543372;-0,018513385245125937;0,055540155735377704;0,006171128415041976;0,030855642075209917;-0,059654241345405735;0,0637683269554337;-0,07199649817548978;-0,03908381329526587;-0,08845284061560188;0,014399299635097944;-0,22421766574652377;-0,12136552549582584;-0,2036472376963841;-0,30238529233705724;-0,2489021794066918
67;0,044620797825076275;0,01062399948216102;0,010623999482161018;-0,04887039761794068;-0,0063743996892966105;-0,036121598239347456;0,0021247998964322033;0,019123199067889833;0,03187199844648305;0,0021247998964322038;0,010623999482161018;0,010623999482161018;0,03187199844648305;-0,02337279886075424;0,053119997410805087;-0,06586879678939832;0,006374399689296611;-0,02337279886075424;-0,0063743996892966105;-0,02337279886075424;0,027622398653618645;-0,019123199067889833;-0,014873599275025424;-0,053119997410805087;-0,014873599275025424;-0,07436799637512734;-0,036121598239347456;-0,07861759616799188;-0,1211135940966368;-0,10836479471804314
68;-0,01028443606243083;0,004407615455327502;0,004407615455327499;-0,004407615455327499;0,027914897883740818;0,013222846365982496;0,07492946274056747;-0,05142218031215415;0,0014692051517758307;-0,022038077276637494;-0,019099666973085832;-0,004407615455327499;-0,022038077276637494;0,01909966697308583;-0,027914897883740825;-0,013222846365982496;0,033791718490844155;0,0044076154553275;0,01322284636598249;-0,0014692051517758327;-0,027914897883740818;-0,039668539097947486;0,013222846365982496;0,01616125666953417;0,03085330818729249;-0,004407615455327499;0,004407615455327504;-0,007346025758879164;0,016161256669534163;0,027914897883740825
69;0,03682947726386113;-0,054507626350514295;0,04566855180718772;0,06334670089384113;0,004419537271663338;-0,02209768635831663;0,025044044539425603;-0,04272219362607889;-0,0014731790905544479;0,004419537271663339;-0,010312253633881076;-0,027990402720534505;0,05450762635051448;0,013258611814989992;-0,03388311908275216;0,045668551807187666;0,03682947726386104;0,02799040272053441;-0,010312253633881094;0,025044044539425516;0,010312253633881108;0,004419537271663324;-0,025044044539425447;0,0220976863583166;-0,013258611814989966;0,004419537271663295;-0,025044044539425454;0,03388311908275233;0,022097686358316694;0,05156126816940559
70;0,05218457080137499;-0,046045209530625;-0,009209041906124975;-5,665850073900341e-18;-0,01841808381225;0,042975528895250005;0,0030696806353750525;0,02148776444762497;-0,030696806353749998;0,012278722541500009;0,01841808381224996;0,015348403176874985;0,03683616762449999;0,015348403176874968;0,07060265461362503;-3,906454524636551e-17;0,00920904190612499;0,0061393612707499896;0,006139361270750045;0,05525425143674997;0,0122787225415;0,012278722541499927;0,009209041906124973;0,07060265461362503;-3,961835014080689e-18;0,06753297397825006;0,006139361270749996;0,04911489016599989;0,08288137715512552;0,1074388222381248
71;-0,016941150441435716;0,010780732099095467;-0,053903660495477256;0,032342196297286276;0,029261987126116187;0,020021359612605795;-0,010780732099095467;-0,007700522927925373;-0,035422405468456444;0,03542240546845647;0,010780732099095473;0,016941150441435723;-0,02002135961260585;0,023101568783776;-0,04774324215313688;0,0015401045855850464;0,050823451324307045;0,0046203137567552045;0,02002135961260586;0,013860941270265659;-0,02618177795494611;-0,010780732099095441;-0,032342196297286366;0,020021359612605837;-0,016941150441435727;-0,060064078837817364;-0,05698386966664721;-0,07854533386483813;-0,09702658889185903;-0,029261987126116128
72;0,03139665921010933;-0,022426185150078142;-0,0014950790100051931;-0,05531792337019264;0,02541634317008848;0,013455711090046847;0,03737697525013018;0,0014950790100052018;-0,02541634317008846;-0,019436027130067687;0,010465553070036396;0,0014950790100051899;0,028406501190098934;0,01644586911005726;0,0224261851500781;-0,019436027130067667;-0,028406501190098937;-0,08521950357029674;0,016445869110057253;-0,02541634317008851;-0,04933760733017179;0,0014950790100052105;-0,0284065011900989;-0,022426185150078087;-0,019436027130067646;0,016445869110057392;-0,007475395050025963;0,025416343170088583;0,010465553070036491;0,025416343170088607
73;0,04500333992292898;-0,05741805438442663;0,0512106971536778;-0,026381268230682514;0,013966553769184837;-0,03258862546143132;0,020173910999933684;0,004655517923061596;-0,004655517923061606;-0,023277589615308087;0,010862875153810415;-0,029484946846056917;0,007759196538436049;0,02017391099993366;0,013966553769184865;0,007759196538436013;0,02017391099993364;0,0294849468460569;0,05741805438442658;0,004655517923061619;-0,017070232384559254;-0,032588625461431306;-0,007759196538436007;0,0512106971536778;0,029484946846056907;-0,001551839307687241;0,0263812682306825;0,05741805438442662;0,03879598269218012;0,03258862546143135
74;-0,023784676811789064;0,026757761413262676;-0,026757761413262696;0,02973084601473634;0,014865423007368159;4,621101770200347e-18;0,017838507608841786;-0,023784676811789043;-0,026757761413262686;-0,017838507608841803;0,017838507608841803;-0,014865423007368154;0,07135403043536716;0,04459626902210448;0,03567701521768357;-0,026757761413262686;0,02081159221031542;-0,014865423007368138;-0,03567701521768358;0,03567701521768356;-0,056488607427998994;0,032703930616209936;0,002973084601473634;0,059461692029472636;-0,026757761413262676;0,044596269022104465;-0,03270393061620998;0,10108487645010349;0,0862194534427353;0,1040579610515771
75;0,014907981224909885;-0,06261352114462156;0,038760751184765706;0,026834366204837767;-0,0417423474297477;-0,029815962449819787;0,04472394367472967;0,005963192489963933;0,026834366204837815;-0,029815962449819794;0,0059631924899639374;-0,02385276995985585;-0,00894478873494591;-0,005963192489963961;9,273835288683774e-18;-0,005963192489963954;0,04174234742974767;0,014907981224909885;-0,03279755869480176;0,04770553991971165;0,014907981224909878;0,020871173714873854;-0,01788957746989187;0,04770553991971165;0,008944788734945931;0,020871173714873927;0,002981596244982011;0,03876075118476577;0,07155830987956756;0,06559511738960358
76;0,027222224585262692;-0,05784722724368322;0,034027780731578354;-0,01361111229263137;-0,04083333687789403;-0,04083333687789402;0,0544444491705254;-0,051041671097367534;0,05104167109736756;-0,027222224585262723;-0,07486111760947241;-0,05784722724368322;0,0646527833899989;-0,03743055880473622;0,11229167641420888;-0,06805556146315675;-0,08166667375578808;-0,07486111760947242;0,006805556146315696;0,08506945182894593;-0,017013890365789174;7,555685129018915e-18;0,04083333687789406;0,05104167109736755;0,013611112292631415;0,13611112292631442;0,11569445448736654;0,11569445448736654;0,18715279402368232;0,13611112292631417
77;-0,013720675997160809;-0,016769715107640984;-0,04116202799148246;-0,02286779332860136;0,022867793328601352;0,04116202799148254;-0,004573558665720263;0,004573558665720259;-0,022867793328601414;0,022867793328601414;-0,010671636886680646;0,019818754218121168;-0,03201491066004191;0,019818754218121192;-0,0198187542181212;0,007622597776200456;0,04116202799148252;0,0350639497705221;-0,028965871549561747;0,004573558665720267;-0,016769715107641;-0,0015245195552400768;0,019818754218121182;0,04726010621244275;-0,028965871549561786;0,035063949770522;-0,02591683243908171;0,028965871549561702;0,050309145322922987;0,07165241909628438
78;0,017065644342993395;-0,0028442740571655565;0,02275419245732454;0,0028442740571655634;-0,042664110857483534;-0,04835265897181468;-0,005688548114331137;-0,03697556274315236;0,0654183033148079;-0,054041207086145564;-0,011377096228662313;-0,03413128868598686;0,025598466514490048;-0,019909918400159012;0,00853282217149668;-0,02559846651449006;0,002844274057165575;-0,02844274057165565;0,008532822171496694;0,01706564434299338;0,008532822171496719;-0,01137709622866226;0,019909918400158946;0,01990991840015895;-0,005688548114331172;-0,04266411085748359;-0,01137709622866226;-0,008532822171496755;-0,025598466514489934;-0,042664110857483686
79;0,0589743675668068;-0,0465587112369528;0,04655871123695279;-0,052766539401879815;-0,0124156563298541;-0,037246968989562194;0,07449393797912422;-0,02483131265970816;0,05587045348434332;-0,0527665394018798;-0,049662625319416294;-0,06207828164927024;0,031039140824635186;-0,018623484494781104;0,0310391408246352;-0,021727398577244587;-0,01241565632985409;-0,009311742247390552;0,02483131265970816;0,043454797154489216;-0,009311742247390568;-0,02172739857724462;-1,4473354899398908e-17;0,009311742247390559;0,0775978520615879;0,06518219573173335;0,07759785206158783;0,01241565632985411;0,10242916472129536;0,06518219573173323
80;-0,007613472661969979;-0,03197658518027384;0,03806736330984982;-0,038067363309849875;-0,053294308633789846;-0,047203530504213824;0,050248919569002;-0,044158141439425834;0,07156664302251797;-0,06547586489294187;-0,09288436647603382;-0,08070281021688187;0,044158141439425855;-0,03806736330984983;0,08374819928166989;-0,06547586489294188;-0,06547586489294188;-0,0898389774112457;0,06852125395772982;0,05938508676336582;-0,013704250791545913;0,03197658518027389;0,01674963985633395;0,025885807050697908;0,08070281021688182;0,07461203208730621;0,10811131179997373;0,044158141439425855;0,09288436647603415;0,02893119611548581
81;-0,03584405911550491;0,014935024631460337;-0,053766088673257335;0,03285705418921282;0,04480507389438109;0,05675309359954943;0,05974009852584133;-0,03883106404179691;0,03285705418921269;-0,06272710345213336;-9,948724931514678e-19;-0,050779083746965104;0,029870049262920695;-0,03285705418921275;0,03584405911550485;-0,03883106404179692;-0,029870049262920674;-0,03883106404179693;-0,008961014778876265;-0,002987004926292079;-0,03584405911550481;0,0029870049262920684;-0,00298700492629206;-0,002987004926292041;-0,014935024631460387;-0,020909034484044523;0,008961014778876241;0,03285705418921269;0,0059740098525841705;0,011948019705168301
82;-0,008525755422502213;0,051154532535013224;-0,028419184741674028;-0,034103021690008846;0,014209592370837028;0,002841918474167411;0,048312614060845686;0,002841918474167396;0,03126110321584145;0,005683836948334801;0,045470695586678635;-0,008525755422502224;-0,03126110321584142;0,011367673896669614;-0,03694494016417624;-0,048312614060845846;0,03126110321584143;0,017051510845004416;-0,01989342931917183;-0,048312614060845804;0,019893429319171808;-0,048312614060845846;-0,011367673896669603;-0,022735347793339203;0,014209592370837014;-0,014209592370837007;0,042628777112511056;-0,022735347793339262;-0,025577266267507028;-0,03126110321584142
83;-0,02967952564846345;-0,038159390119453136;-0,009893175216154466;0,0325061471387933;-0,032506147138793344;-0,0014133107451649368;0,009893175216154546;0,015546418196814207;-0,08621195545506061;0,04663925459044253;0,07490546949374112;0,06359898353242173;-0,029679525648463427;0,040986011609782956;-0,06642560502275158;0,007066553725824639;0,07490546949374116;0,06642560502275165;-0,0014133107451649311;0,032506147138793386;-0,0325061471387934;0,009893175216154505;0,029679525648463552;0,02119966117747391;-0,029679525648463483;-0,0014133107451649034;-0,0890385769453903;-0,01837303968714406;-0,02402628266780386;-0,02402628266780389
84;0,01294934539376334;-0,0474809331104656;-0,007194080774312971;0,010071713084038172;-0,03309277156183967;0,007194080774312965;0,05035856542019079;-0,058991462349366364;0,02733750694238927;-0,010071713084038146;-0,01582697770348852;-0,09064541775634344;-0,01870461001321375;-0,007194080774312962;-0,001438816154862616;0,004316448464587779;0,0071940807743129725;-0,007194080774312978;-0,03309277156183967;0,004316448464587773;-0,0043164484645877655;-0,010071713084038165;-0,03884803618129006;-0,021582242322938927;-0,01582697770348854;-0,0388480361812901;-0,03309277156183971;-0,018704610013213753;0,004316448464587731;0,012949345393763335
85;0,014162449703845743;-0,06137061538333192;0,023604082839743003;-0,03619292702093927;-0,10857878106281789;-0,05192898224743461;0,036192927020939354;-0,039340138066238366;0,03304571597564031;-0,007868027613247692;-0,045634560156836555;-0,05192898224743472;0,03934013806623833;-0,007868027613247683;0,042487349111537454;-0,0047208165679486006;-0,04878177120213568;-0,014162449703845803;0,026751293885042073;0,017309660749144837;0,03304571597564022;-0,014162449703845798;0,0015736055226495;0,004720816567948606;0,09913714792692069;0,055076193292733645;0,13690368047050933;0,055076193292733874;0,12746204733461183;0,06451782642863108
86;0,02064016887467714;-0,04422893330287963;-0,014742977767626592;0,008845786660575977;-0,07076629328460747;-0,029485955535253086;0,023588764428202437;0,011794382214101253;0,008845786660575923;2,6843509125415508e-17;-0,011794382214101189;-0,04422893330287967;0,011794382214101236;0,02064016887467719;0,020640168874677157;-0,008845786660575932;3,2735986738311592e-18;-0,008845786660575951;-0,005897191107050612;0,01474297776762657;-0,0029485955535253185;0,008845786660575918;0,02064016887467718;0,0029485955535253224;-6,5471973476623185e-18;-0,0029485955535253038;0,038331742195828994;-1,767743283868826e-17;0,032434551088778366;0,044228933302879636
87;-0,056666199246575615;0,017894589235760774;-0,03877161001081486;0,0029824315392934218;0,011929726157173819;0,01789458923576072;-0,008947294617880349;0,038771610010814896;-0,026841883853641075;0,029824315392934495;0,06263106232516256;0,01789458923576069;-0,038771610010814875;0,011929726157173796;-0,06561349386445603;0,023859452314347593;0,06859592540374947;0,04175404155010835;0,005964863078586906;-0,017894589235760736;0,026841883853641044;-0,0029824315392934595;-0,011929726157173795;-0,017894589235760764;0,0029824315392934495;-0,12227969311103162;-0,05666619924657572;-0,11333239849315131;-0,14613914542537923;-0,11034996695385782
88;-0,0028759508611641504;-0,03451141033396976;-0,034511410333969705;-0,008627852583492423;-0,00575190172232829;-2,5543574910039835e-18;0,05176711550095464;-0,025883557750477335;0,03451141033396977;-0,02875950861164151;-0,0316354594728056;-0,054643066362118776;-0,020131656028148988;-0,028759508611641452;-0,008627852583492414;0,005751901722328288;0,01725570516698485;-0,00862785258349242;-0,020131656028149;-0,020131656028148967;0,02013165602814901;-0,005751901722328284;-0,031635459472805556;-0,028759508611641418;0,06327091894561117;-0,09203042755725255;0,002875950861164143;-0,04313926291746208;-0,051767115500954516;-0,043139262917462035
89;0,00865812584346634;-0,011544167791288458;0,028860419478221124;0,00865812584346634;-0,03174646142604324;-0,023088335582576905;-0,0028860419478221114;-0,07215104869555297;0,06637896479990882;-0,09235334233030772;-0,02308833558257691;-0,04040458726950959;0,01443020973911056;-0,0028860419478221144;-0,03174646142604324;-0,023088335582576898;0,04040458726950958;-0,05194875506079808;0,025974377530399023;0,008658125843466327;0,025974377530399013;-0,06926500674773065;0,002886041947822107;-0,020202293634754787;0,023088335582576905;-0,03463250337386536;0,025974377530399006;-0,08080917453901887;-0,02020229363475478;-0,06926500674773022
90;0,04715869164771975;-0,050016794171823975;0,05859110174413658;-0,030010076503094354;-0,08145592193697035;-0,05573299922003239;0,047158691647719575;-0,0471586916477197;0,055732999220032324;-0,07288161436465755;-0,0843140244610745;-0,01286146135846901;0,03286817902719861;-0,05859110174413651;0,05001679417182385;-0,050016794171823975;-0,0042871537861563485;-0,06716540931644929;0,03001007650309439;0,030010076503094344;0,015719563882573204;-0,04144248659951125;0,024293871454885936;0,02715197397899015;0,021435768930781692;-0,01857766640667752;0,03286817902719859;-0,05001679417182393;0,004287153786156329;-0,015719563882573267
91;-0,07575090044725635;0,04078894639467653;-0,07575090044725638;0,017480977026289916;0,05826992342096645;0,05535642724991813;0,005826992342096659;0,04078894639467653;-0,03496195405257988;0,03787545022362819;0,09323187747354629;0,05535642724991813;-0,07866439661830468;-2,1348561506283524e-17;-0,043702442565724836;-0,0058269923420966475;0,046615938736773166;0,014567480855241611;0,026221465539434916;-0,020394473197338257;0,011653984684193316;0,005826992342096616;-0,008740488513144976;-0,043702442565724836;0,011653984684193286;-0,16024228940765767;-0,08740488513144966;-0,09614537364459462;-0,20685822814443083;-0,12819383152612618
92;-0,004402524720699736;-0,03375268952536459;-0,013207574162099204;-0,007337541201166212;-0,010272557681632702;-0,01614259064256567;0,0014675082402332395;-0,010272557681632693;0,004402524720699734;-0,030817673044898096;0,013207574162099197;-0,007337541201166216;-0,0014675082402332484;-0,007337541201166214;-0,007337541201166222;-0,013207574162099197;0,04255773896676407;0,0014675082402332478;-0,00440252472069972;0,0014675082402332412;-0,004402524720699725;0,016142590642565673;-0,0073375412011662065;-0,010272557681632702;0,004402524720699734;0,02788265656443162;-0,03375268952536462;0,027882656564431594;0,030817673044898106;0,016142590642565652
93;0,015371886547533733;-0,06456192349964177;0,015371886547533738;0,006148754619013473;0,009223131928520237;-0,018446263857040467;0,0522644142616147;-0,027669395785560724;0,015371886547533716;-0,012297509238026935;-0,006148754619013489;-0,02766939578556071;0,03996690502358775;0,018446263857040464;0,052264414261614746;0,012297509238026973;-0,049190036952108;-0,030743773095067446;0,02152064116654721;-0,003074377309506752;0,027669395785560668;-0,012297509238026975;-0,02459501847605392;0,02459501847605396;0,0215206411665472;0,024595018476053984;0,024595018476053932;0,0461156596426014;0,030743773095067685;0,015371886547533908
94;-0,048896826990737996;0,043144259109474704;-0,10929878974400234;0,048896826990737996;0,08053595033768611;0,08628851821894941;0,017257703643789882;0,017257703643789882;-0,060401962753264586;0,03739169122821141;0,06615453063452788;0,054649394872001295;-0,034515407287579764;0,008628851821894941;-0,051773110931369645;-0,034515407287579764;0,046020543050106354;0,031639123346948114;0,03739169122821141;-0,008628851821894941;-0,005752567881263294;-0,008628851821894941;-0,020133987584421528;-0,025886555465684823;0,005752567881263294;-0,07765966639705447;-0,07478338245642283;-0,06903081457515953;-0,10354622186273876;-0,06327824669389623
95;0,047956666751040426;-0,0029972916719400266;0,017983750031640114;0,017983750031640152;-0,008991875015820095;0,04795666675104042;-0,008991875015820078;0,0029972916719400292;0,008991875015820088;0,032970208391340246;0,026975625047460212;0,005994583343880061;0,05694854176686052;-0,020981041703580172;0,026975625047460264;6,239366673196966e-20;-0,026975625047460212;-0,041962083407160365;-0,005994583343880053;-0,02697562504746018;0,04495937507910038;0,01798375003164016;-0,011989166687760067;-0,02098104170358017;0,002997291671940032;0,011989166687760103;-0,02697562504746018;0,02397833337552025;0,08092687514238026;0,08991875015820062
96;-0,08275037802049083;0,03761380819113227;-0,05867754077816632;0,00150455232764527;-0,0015045523276452947;0,004513656982935867;0,0015045523276452967;0,04062291284642285;-0,04965022681229459;0,022568284914679364;0,06770485474403783;0,025577389569969952;-0,061686645433456866;0,004513656982935882;-0,022568284914679364;-0,01955918025938878;0,040622912846422846;0,040622912846422846;-0,025577389569969935;-0,04363201750171341;0,010531866293517045;-0,007522761638226453;-0,04363201750171343;-0,04363201750171341;-0,007522761638226456;-0,13089605250514066;-0,07372306405461906;-0,11585052922868755;-0,14594157578159436;-0,1519597850921752
97;0,010403141220794774;0,0014861630315421053;0,02823709759930009;0,01932011941004743;-0,01040314122079477;0,022292445473131653;0,004458489094626338;0,022292445473131646;0,004458489094626336;-0,004458489094626326;0,004458489094626336;0,013375467283878987;-0,01040314122079477;-0,04309872791472119;-0,04309872791472135;-0,06687733641939499;0,0074308151577105455;0,013375467283878999;0,02823709759930009;0,016347793346963214;-0,02526477153621587;0,00743081515771055;0,01932011941004744;-0,01634779334696321;0,0847112927979002;-0,07876664067173217;-0,013375467283878987;-0,0490433800408897;-0,09065594492406935;-0,04607105397780551
98;0,038034219780785763;-0,06846159560541427;0,07150433318787719;-0,019777794286008607;-0,04411969494571151;0,00456410637369426;0,044119694945711274;0,010649581538620011;0,038034219780785784;-0,019777794286008652;-0,07150433318787712;-0,08063254593526559;0,05324790769310007;0,010649581538620032;0,0076068439561571295;-0,010649581538620018;0,010649581538619998;-0,0045641063736942865;0,013692319121082883;0,028906007033397196;0,004564106373694274;-0,031948744615860045;-0,004564106373694281;0,031948744615860065;0,022820531868471473;0,05629064527556279;0,06541885802295148;0,09584623384757977;0,08976075868265393;0,06541885802295107
99;0,036027914433782914;-0,051039545447859005;0,045034893042228526;-0,06905350266475051;-0,075058155070381;-0,06004652405630469;0,030023262028152507;-0,03002326202815224;0,06605117646193534;-0,02101628341970657;-0,015011631014076189;-0,0750581550703811;0,07205582886756567;-0,04203256683941324;0,027020935825337086;-0,006004652405630471;-0,00600465240563047;-0,07806048127319613;-4,66655234892125e-18;0,03302558823096761;0,030023262028152368;-0,03302558823096762;-0,030023262028152378;-0,06304885025911995;0,06304885025911992;0,045034893042228366;0,06605117646193512;0,015011631014076108;0,08406513367882694;0,03602791443378288
100;-0,012210396771269918;-0,024420793542539697;-5,422505454109005e-18;-0,018315595156904806;-0,051894186277897006;-0,009157797578452415;0,05799938466353191;-0,0488415870850795;0,04273638869944459;0,006105198385634938;-0,015262995964087374;-0,015262995964087379;0,03663119031380961;0,006105198385634938;0,0030525991928174773;-0,03663119031380966;-0,0122103967712699;-0,03663119031380966;-0,018315595156904847;2,7112527270545025e-18;-0,03052599192817466;0,018315595156904847;-0,033578591120992235;0,018315595156904847;-0,015262995964087376;0,06410458304916673;0,06715718224198426;0,05189418627789691;0,08547277739888909;0,07936757901325417
101;0,014002343254840066;-0,02956050242688454;-0,010890711420431147;-0,03889539793011128;0,014002343254840073;-0,0015558159172044546;0,04200702976452023;-0,04823029343333802;0,045118661598929126;-0,060676820770973576;-0,04823029343333802;-0,06067682077097366;0,03267213426129342;-0,020225606923657848;0,04511866159892907;-0,0575651889365647;-0,026448870592475658;0,00777907958602226;0,004667447751613356;0,04511866159892915;-0,0046674477516133505;-0,02333723875806678;0,0015558159172045182;0,004667447751613356;0,04511866159892907;0,020225606923657793;0,09179313911506244;0,014002343254840037;0,05134192526774676;0,0015558159172044989
102;0,06916081125091747;-0,08976190396395647;0,08093286422979705;-0,08093286422979705;-0,07504683774035725;-0,06916081125091747;0,06033177151675781;-0,027958625824839003;0,05150273178259813;-0,06033177151675781;-0,02207259933539923;-0,03384465231427877;0,01618657284595943;-0,051502731782598114;0,04855971853787824;-0,004414519867079835;-0,007357533111799753;-0,09270491720867657;-0,010300546356519634;0,004414519867079836;0,010300546356519624;-0,010300546356519634;-0,03384465231427874;-0,010300546356519618;0,07798985098507712;-0,013243559601239458;0,060331771516757844;0,019129586090679336;0,004414519867079882;0,0367876655589987
103;0,047424400971805024;-0,0933189825574226;0,08108042746792454;-0,04130512342705585;-0,026006929565183298;-0,032126207109932324;0,09943826010217123;-0,06884187237842657;0,06578223360605223;-0,09331898255742288;-0,02294729079280878;-0,044364762199430426;0,07496114992317554;0,01682801324805981;0,0596629560613031;-0,06272259483367744;-0,02294729079280874;-0,04130512342705591;0,05660331728892846;0,06578223360605194;0,02906656833755787;0,013768374475685298;-0,007649096930936267;0,03824548465468137;0,035185845882306825;0,07802078869555054;0,09943826010217188;0,03824548465468133;0,10861717641929548;0,07190151115080137
104;0,06374210285078481;-0,06070676461979504;0,0455300734648462;-0,006070676461979498;-0,015176691154948753;-0,021247367616928192;0,06374210285078481;-0,03338872054088717;0,06070676461979511;-0,03035338230989743;-0,05767142638880517;-0,0455300734648463;0,0455300734648462;0,036424058771876947;0,021247367616928234;-0,00607067646197952;-0,012141352923959011;-0,00910601469296924;0,021247367616928203;0,036424058771876974;0,006070676461979485;0,0030353382309897454;0,00607067646197951;0,04553007346484618;0,05767142638880521;-0,036424058771877155;0,07284811754375382;-0,0546360881578156;-0,009106014692969254;-0,015176691154948733
105;0,02325041143828922;-0,008718904289358443;0,04068822001700617;-0,005812602859572313;-0,01743780857871691;0,002906301429786165;0,05521972716593693;-0,03778191858722;0,09300164575315703;-0,05521972716593692;-0,05231342573615075;-0,06684493288508155;0,01743780857871691;-0,034875617157433855;0,008718904289358457;-0,031969315727647704;0,020344110008503103;-0,040688220017006185;0,034875617157433855;0,026156712868075374;0,008718904289358483;-0,0465008228765785;-0,011625205719144629;-0,026156712868075416;0,043594521446792336;-0,04650082287657854;0,05231342573615075;-0,06975123431486778;-0,055219727165936976;-0,04359452144679236
106;0,03355407576524121;0,0015978131316781486;0,030358449501884887;0,017575944448459613;0,0015978131316781536;-0,014380318185103358;0,039945328291953686;-0,0271628232385286;0,03994532829195395;0,007989065658390773;-0,017575944448459654;0,0015978131316781267;0,007989065658390774;0,03355407576524119;-0,011184691921747073;0,03674970202859749;0,039945328291953776;-0,0015978131316781372;0,0271628232385286;0,02077157071181599;0,02716282323852861;-0,03674970202859751;0,05911908587209161;0,0399453282919538;0,043140954555310085;-0,062314712135448;0,06231471213544805;-0,06870596466216063;-0,02716282323852862;-0,05592345960873526
107;0,06258681343017161;0,016791584091021654;0,02595062995885166;0,022897614669574948;0,029003645248128287;0,019844599380298294;0,05648078285161817;-0,032056660537405;0,01679158409102166;-0,022897614669574996;-0,01679158409102167;-0,0259506299588517;0,029003645248128374;0,029003645248128318;0,01679158409102169;0,016791584091021654;-0,022897614669575007;-0,03205666053740494;0,038162691115958346;0,004579522933914994;0,025950629958851595;0,0045795229339150294;-0,0015265076446383482;0,038162691115958346;-0,004579522933915008;0,05342776756234179;0,02595062995885174;0,044268721694511654;0,1389121956620875;0,12059410392642775
108;0,0332675589313264;-0,033267558931326435;0,033267558931326394;0,014257525256282684;-0,00792084736460153;-0,014257525256282719;0,014257525256282724;-0,007920847364601519;-0,0174258642021233;0,03643589787716684;-0,004752508418760965;-0,058614270498051395;0,042772575768848305;0,011089186310442142;0,0015841694729202653;-0,045940914714688794;-0,020594203147963983;-0,023762542093804555;-0,004752508418760868;0,06811928733557313;-0,05227759260637004;0,04277257576884824;0,020594203147963938;0,026930881039645194;0,045940914714688835;0,09663433784813867;0,09029765995645746;0,061782609443892036;0,11881271046902295;0,10297101573981993
109;0,02868065841969276;-0,013585575040907082;0,02566164174393559;0,03471869177120711;-0,007547541689392828;0,016604591716664188;0,061889841853020974;-0,03471869177120704;0,03773770844696416;-0,046794758474235365;-0,0588708251772639;-0,04377574179847823;0,010566558365149992;0,028680658419692716;0,013585575040907126;0,03471869177120699;-0,007547541689392851;-0,034718691771207;0,022642625068178466;0,007547541689392845;-0,022642625068178476;-0,0075475416893928185;-0,022642625068178462;0,007547541689392843;-0,01660459171666421;0,028680658419692785;0,0407567251227213;0,05585180850150679;0,10415607531362037;0,07094689188029232
110;0,0015027979968606658;-0,019536373959188936;0,028553161940353056;-0,016530777965467553;-0,025547565946631698;-0,010519585978024807;0,019536373959188915;-0,019536373959188932;0,04658673790268133;0,010519585978024857;-0,055603525883845414;-0,0646203138650098;-0,0015027979968606918;-0,0015027979968606803;0,001502797996860695;-0,031558757934074436;0,004508393990582072;-0,007513989984303431;0,06161471787128824;0,034564353927795784;0,001502797996860671;-0,019536373959188967;-0,0015027979968606918;0,028553161940353053;0,05259792989012408;-0,016530777965467532;0,03756994992151718;0,001502797996860697;0,028553161940353046;0,055603525883845616
111;0,0909917856416637;-0,022375029256146876;0,046241727129370164;-0,019391692021993912;-0,0044750058512293914;0,0014916686170764533;0,06712508776844035;-0,049225064363523065;0,08502511117335784;-0,019391692021993947;-0,03132504095860562;-0,043258389895217284;0,019391692021993964;0,025358366490299728;0,001491668617076464;0,016408354787841032;0,03132504095860552;0,049225064363523065;0,025358366490299728;0,022375029256146844;0,022375029256146824;-0,022375029256146806;0,016408354787841035;0,0402750526610643;0,08800844840751083;-0,004475005851229466;0,11485848351488682;-0,004475005851229398;0,061158413300134086;0,02535836649029982
112;0,05570620037553517;-0,12533895084495392;0,06615111294594796;-0,05222456285206419;-0,06963275046941896;-0,06615111294594805;0,05918783789900603;-0,03133473771123854;0,05918783789900608;-0,059187837899006106;-0,0870409380867737;-0,066151112945948;0,027853100187767602;0,013926550093883794;0,020889825140825692;-0,017408187617354742;-0,041779650281651266;0,0034816375234709485;-0,03133473771123854;0,055706200375535204;-0,04874292532859328;0,02785310018776759;0,059187837899006106;0,09400421313371549;0,0034816375234709485;0,16363696360313418;0,09400421313371525;0,1497104135092504;0,22282480150214026;0,1427471384623085
113;0,005898935109747239;-0,026545207993862553;0,020646272884115368;-0,056039883542598916;-0,035393610658483475;-0,014747337774368116;0,02359574043898887;-0,020646272884115368;0,06193881865234623;-0,0560398835425988;-0,058989351097472456;-0,03539361065848339;-0,002949467554873612;0,05014094843285164;-0,01474733777436811;-0,05309041598772515;-0,026545207993862587;-0,005898935109747256;-0,03539361065848337;0,10323136442057669;-0,029494675548736197;0,008848402664620864;0,06193881865234613;0,09143349420108224;0,04719148087797793;0,04129254576823057;0,09438296175595604;-0,014747337774368197;0,05898935109747256;-0,0058989351097472505
114;0,036338898294563285;-0,09811502539532087;0,06541001693021392;-0,05814223727130125;-0,07994557624803922;-0,07267779658912657;0,047240567782932286;-0,03997278812401964;0,032705008465106974;-0,047240567782932286;-0,07631168641858291;-0,07267779658912657;0,043606677953475954;0,02907111863565062;0,06904390675967023;-0,0036338898294563373;-0,03270500846510698;-0,0036338898294563356;-0,025437228806194288;0,11991836437205883;-0,07631168641858291;0,07994557624803923;0,06541001693021391;0,13808781351934046;0,01816944914728164;0,17806060164336007;0,15989115249607844;0,15989115249607844;0,22893505925574867;0,1816944914728164
115;-3,9947201849975245e-18;0,0029984367227673804;-1,631177408873989e-17;0,017990620336604257;0,017990620336604212;0,023987493782138995;-0,008995310168302127;0,05397186100981279;-0,017990620336604236;0,03298280395044109;0,07196248134641706;0,02098905705937157;0,00899531016830212;0,041978114118743255;-0,047974987564277996;0,017990620336604254;0,026985930504906372;0,035981240673208466;-0,04497655084151061;0,026985930504906382;0,026985930504906393;-0,029984367227673756;-0,008995310168302134;-0,002998436722767383;-0,03298280395044113;-0,005996873445534729;-2,1970961017486387e-17;-0,014992183613836887;-0,04497655084151045;-0,023987493782138943
116;0,04918764603633467;-0,10891550193759819;0,06324125918957316;-0,06324125918957316;-0,03864743617140581;-0,06324125918957316;0,05621445261295391;-0,04918764603633467;0,042160839459715445;-0,06324125918957314;-0,07026806576619239;-0,06675466247788278;0,04567424274802505;-0,007026806576619264;0,059727855901263525;-0,014053613153238461;-0,0351340328830962;-0,059727855901263525;-0,03864743617140582;0,08432167891943086;-0,06324125918957316;0,02108041972985772;0,06324125918957314;0,10891550193759819;-0,021080419729857722;0,20729079401026754;0,08080827563112124;0,1651299545505521;0,22485781045181563;0,18621037428040982
117;0,052912748694204266;-0,1258958503413825;0,07115852410599885;-0,0602110588589221;-0,08575514443543451;-0,07480767918835776;0,031017818200050774;-0,016421197870615113;0,02007035295297403;-0,06021105885892209;-0,08940429951779343;-0,06750936902363994;0,020070352952974026;0,009122887705897285;0,04196528344712752;0,016421197870615117;-0,02371950803533294;-0,01277204278825621;-0,020070352952974026;0,08575514443543451;-0,045614438529486434;0,05656190377656317;0,05291274869420427;0,08575514443543451;0,00912288770589729;0,18428233165912658;0,12954500542374153;0,1550890910002549;0,2609145883886641;0,19887895198856273
118;0,015479211261405994;-0,07739605630703003;0,046437633784217884;-0,03611815960994731;-0,07051640685751603;-0,04643763378421797;0,03611815960994718;-0,032678334885190397;0,02579868543567668;-0,04299780905946102;-0,06363675740800234;-0,029238510160433513;0,04299780905946108;0,03611815960994726;0,04987745850897497;0,008599561811892208;-0,015479211261405947;-0,012039386536649098;0,0017199123623784006;0,06707658213275926;-0,03267833488519033;0,008599561811892205;0,042997809059461066;0,07739605630702992;0,02235886071091974;0,17371114860022155;0,10835447882984221;0,10491465410508534;0,2012297463982766;0,14275272607740974
119;0,027405779297781065;-0,10619739477890158;0,07194017065667527;-0,06508872583223001;-0,04796011377111687;-0,04110866894667159;0,023980056885558428;-0,0856430603055658;0,051385836183339514;-0,06508872583223001;-0,08221733789334315;-0,07879161548112053;0,05481155859556212;-0,0034257224122226596;0,07194017065667527;8,367294975652792e-18;-0,05481155859556212;-0,017128612061113175;-0,023980056885558435;0,09592022754223369;-0,05823728100778475;0,04796011377111686;0,06166300342000738;0,10277167236667895;0,010277167236667892;0,12332600684001474;0,10277167236667895;0,12332600684001474;0,20211762232113525;0,1438803413133505
120;0,022493941842970242;-0,09862728346533074;0,06056061265415058;-0,07094243196629063;-0,09170607059057084;-0,07440303840367067;0,0674818255289104;-0,05017879334201049;0,03287576115511035;-0,05710000621677042;-0,09170607059057065;-0,06402121909153041;0,08132425127843058;0,0017303032186900128;0,09170607059057073;-0,0294151547177303;-0,04671818690463049;-0,07094243196629067;0,0051909096560700425;0,0778636448410507;-0,02941515471773032;0,019033335405590213;0,046718186904630456;0,07440303840367063;0,012112122530830091;0,1782212315250729;0,10900910277747074;0,12631213496437138;0,21282729589887314;0,15399698646341262
121;0,03902685591777826;-0,07296325236802007;0,04242049556280242;-0,03902685591777825;-0,05599505414289923;-0,0458141352078266;0,0322395766277299;-0,05938869378792335;0,052601414497875094;-0,0763568920130443;-0,0763568920130444;-0,0661759730779718;0,08653781094811679;-0,0050904594675362964;0,06278233343294747;-0,035633216272754016;-0,035633216272754106;-0,02545229733768144;-0,018665018047633052;0,10011236952821369;-0,05938869378792334;0,04581413520782662;0,06617597307797175;0,10350600917323788;-0,01527137840260889;0,13744240562347945;0,07296325236802019;0,14422968491352783;0,21210247781401173;0,1679851624286972
122;3,0236047248962168e-18;-0,06808552556179125;0,013617105112358276;-0,020425657668537413;0,013617105112358249;-0,027234210224716556;0,030638486502806064;-0,07148980183988086;0,03404276278089562;-0,07148980183988081;-0,08170263067414953;-0,0919154595084182;0,02382993394662699;-0,003404276278089568;0,04765986789325385;0,013617105112358285;-0,02042565766853743;-0,02042565766853741;-0,003404276278089568;0,05106414417134344;-0,027234210224716435;0,023829933946626965;0,02723421022471653;0,0646812492837017;0,0;0,1463838799578528;0,04765986789325399;0,17021381390447934;0,24170361574435997;0,18723519529492766
123;0,04641362858759289;-0,08619673880552968;0,05635940614207709;-0,02983733266345262;-0,03978311021793682;-0,053044146957249065;0,006630518369656173;-0,03315259184828066;0,05304414695724896;-0,07625096125104545;-0,039783110217936776;-0,09282725717518579;-0,019891555108968412;0,0298373326634526;0,016576295924140304;-0,01326103673931227;-0,029837332663452548;0,00994577755448423;-0,04972888777242102;0,043098369402764854;-0,06630518369656126;-0,003315259184828068;-0,003315259184828077;0,03978311021793684;0,006630518369656126;0,12266458983863869;0,08619673880552949;0,09614251636001384;0,13924088576277993;0,11934933065381148
124;-0,010836705354197753;-0,054183526770988776;0,035606317592364045;-0,017029108413739315;-0,035606317592364024;-0,017029108413739315;0,010836705354197741;-0,0015481007648853538;0,004644302294656177;-0,004644302294656177;0,0015481007648854254;-0,01702910841373931;0,004644302294656177;-0,007740503824426962;0,03251011606259325;-0,03251011606259323;-0,035606317592364066;0,01083670535419775;-0,05108732524121794;0,047991123711447134;-0,03251011606259332;0,04799112371144722;0,023221511473280866;0,06347213136030111;-0,029413914532822355;0,07895313900915474;-0,023221511473280856;0,07276073594961324;0,047991123711447044;0,1006265497175506
125;0,019365339278183062;-0,06107530080042366;0,028303188175806033;-0,037241037073428976;-0,022344622244057383;-0,03128247114168034;0,04915816893692645;-0,07001314969804666;0,06703386673217238;-0,0938474134250413;-0,06405458376629806;-0,04915816893692633;-0,004468924448811482;0,019365339278183073;0,007448207414685795;-0,01638605631230875;0,019365339278183073;-0,025323905209931698;-0,019365339278183062;0,055116734868674896;-0,07597171562979516;-0,0014896414829371533;0,07597171562979523;0,04617888597105193;0,02234462224405739;0,0551167348686752;0,03724103707342897;0,052137451902800586;0,1295988090155337;0,07001314969804713
126;0,02578178158556404;-0,04511811777473715;0,05156356317112816;-0,04834084047293267;-0,04834084047293262;-0,003222722698195501;0,04189539507654167;-0,05478628586932359;0,025781781585564007;-0,05478628586932353;-0,0741226220584967;-0,041895395076541664;-0,009668168094586514;0,025781781585564063;0,016113613490977504;-0,022559058887368536;-0,022559058887368543;-0,025781781585564042;-0,009668168094586514;0,029004504283759558;-0,025781781585564042;0,05478628586932359;0,022559058887368522;0,06767717666210567;0,058009008567519116;-0,009668168094586663;0,06123173126571483;0,01933633618917308;0,09023623554947348;0,04511811777473696
127;0,014025584182130178;-0,04207675254639046;0,001558398242458906;-0,03272636309163701;0,014025584182130109;-0,03895995606147263;0,03584315957655483;-0,014025584182130147;0,020259177151965804;-0,03272636309163701;-0,020259177151965794;-0,029609566606719234;0,04519354903130829;0,04519354903130822;0,05766073497097952;-0,032726363091636984;-0,0514271420011439;-0,051427142001143865;-0,00779199121229452;0,04519354903130824;-0,02649277012180143;0,0576607349709795;0,03584315957655481;0,04207675254639045;-0,014025584182130136;0,06389432794081513;0,0015583982424589517;0,0888286998201576;0,13558064709392476;0,10752947872966447
128;0,02950399484369214;-0,051243780517991715;0,035715362179206324;-0,048138096850234624;-0,007764209169392671;-0,06677219885677695;0,023292627508178086;-0,0574551478535058;0,06366651518901997;-0,09782903553434774;-0,048138096850234645;-0,0512437805179917;0,02329262750817807;-0,007764209169392665;-0,023292627508177993;-0,032609678511449185;0,02018694384042093;-0,004658525501635596;0,010869892837149734;0,017081260172663874;-0,032609678511449205;0,007764209169392665;-0,0015528418338785497;-0,004658525501635616;0,004658525501635594;0,057455147853505986;0,004658525501635597;0,07608924986004831;0,06987788252453425;0,06366651518902004
129;0,014209678090239581;-0,07420609669347356;0,004736559363413201;-0,02052509057479052;-0,0394713280284433;-0,020525090574790503;0,04262903427071877;-0,05525985923982067;0,02368279681706597;-0,01105197184796413;-0,036313621786167836;-0,06789068420892269;0,04578674051299439;0,0015788531211377297;0,03631362178616782;-0,023682796817065983;-0,026840503059341447;-0,023682796817065983;-0,023682796817065976;0,014209678090239587;-0,02684050305934144;0,04262903427071877;0,023682796817065983;0,06789068420892246;0,03315591554389238;0,02999820930161691;0,05841756548209616;0,04578674051299422;0,13736022153898184;0,08683692166257599
130;0,010818881089206377;-0,0479121876807711;0,01081888108920639;-0,02627442550235835;-0,026274425502358343;-0,029365534384988748;-0,0015455544413151864;-0,01700109885446715;0,007727772206575981;-0,0417299699155103;-0,017001098854467205;-0,013909989971836803;0,035547752150249495;0,03554775215024955;0,05409440544603207;-0,038638861032879945;-0,026274425502358333;-0,04791218768077115;0,020092207737097578;0,04791218768077108;-0,026274425502358298;0,004636663323945595;0,029365534384988748;0,05409440544603185;-0,004636663323945565;0,09427882092022769;0,007727772206576018;0,12828101862916172;0,1004610386854885;0,08500549427233661
131;0,02729357869954054;-0,07545871758108266;0,014449541664462651;0,0208715601820017;-0,024082569440771074;-0,04334862499338789;0,04013761573461844;-0,04334862499338787;0,004816513888154197;-0,059403671287235345;0,008027523146923768;-0,033715597217079465;-0,004816513888154214;-0,01444954166446266;0,0754587175810828;-0,030504587958310025;-0,011238532405693174;-0,014449541664462637;0,040137615734618416;0,03692660647584888;-0,033715597217079375;0,0176605509232321;0,052981652769696255;0,06261468054600482;-0,008027523146923682;0,12041284720385588;0,0016055046293847314;0,16215596756785897;0,10114679165123903;0,10756881016877798
132;0,02553474710729132;-0,044685807437759704;-0,0031918433884114074;-0,01276737355364567;0,02553474710729131;-0,02553474710729131;0,015959216942057094;-0,047877650826171236;0,028726590495702756;-0,04787765082617123;-0,031918433884114146;-0,025534747107291342;0,012767373553645696;0,02553474710729127;0,009575530165234264;3,2778836692510335e-17;0,003191843388411415;-0,012767373553645628;0,019151060330468487;0,02872659049570274;-0,038302120660936995;0,03511027727252558;0,01915106033046849;0,05745318099140546;0,02234290371887989;0,08298792809869633;0,060645024379816885;0,07660424132187364;0,09575530165234168;0,051069494214581936
133;0,03470066077713413;-0,034700660777134074;0,025236844201552082;0,0063092110503880595;-0,00946381657558202;0,02523684420155211;0,025236844201552103;-0,0725559270794622;0,03785526630232809;-0,05362829392829816;-0,012618422100776043;-0,05362829392829816;0,03470066077713406;0,01577302762597007;0,03470066077713408;-0,003154605525194013;-0,028391449726746083;-0,07255592707946225;1,6811115300864605e-17;0,01892763315116407;-0,04731908287791013;5,6037051002882015e-18;0,03785526630232814;0,01892763315116408;0,006309211050388069;0,04100987182752213;0,012618422100776036;0,07571053260465624;0,08201974365504426;0,07571053260465624
134;0,04014181572807339;-0,009263495937247714;-0,015439159895412804;0,009263495937247714;0,0030878319790825694;-0,01543915989541287;-0,01543915989541286;-0,009263495937247738;0,04322964770715592;-0,021614823853577925;6,856364318702667e-18;-0,02161482385357791;0,009263495937247733;0,04014181572807341;-0,0030878319790825642;-0,0030878319790825725;0,024702655832660552;0,040141815728073384;0,012351327916330297;0,06175663958165135;-0,012351327916330278;-0,024702655832660535;-0,003087831979082559;0,024702655832660566;-8,913273614313467e-18;0,01543915989541286;-0,018526991874495347;0,06793230353981639;0,030878319790825542;0,055580975623486045
135;0,037974148101029774;-0,059239671037606446;0,022784488860617864;-0,01670862516445309;-0,04405001179719453;-0,019746557012535446;0,02886035255678262;-0,0015189659240411769;0,010632761468288333;-0,04708794364527693;-0,01974655701253545;-0,056201739189524105;0,07139139842993601;-0,007594829620205934;0,06227760288568885;-0,07746726212610071;-0,028860352556782598;-0,04101207994911209;0,016708625164453088;0,031898284404864974;0,010632761468288366;0,007594829620205953;0,013670693316370722;0,05923967103760644;0,056201739189523994;0,02886035255678259;0,07442933027801839;0,041012079949112344;0,0774672621261009;0,06835346658185372
136;0,08900804530590221;-0,04231530022739608;0,06274337619924254;-0,048151893362209396;-0,05398848649702265;-0,05107018992961607;0,0539884864970226;-0,04815189336220937;0,08900804530590223;-0,05982507963183582;-0,04523359679480271;-0,059825079631835885;0,0539884864970226;-0,021887224255549665;0,0714982659014624;-0,03647870709258291;0,0043774448511099675;-0,036478707092582906;0,010214037985923208;0,06274337619924256;0,036478707092582906;0,010214037985923222;0,03356041052517629;0,05690678306442923;0,04523359679480279;0,07441656246886892;0,08025315560368224;0,053988486497022446;0,10943612127774856;0,07733485903627557
137;0,00920665648663352;-0,006137770991089018;0,0030688854955445138;0,02148219846881162;-0,01534442747772251;-0,018413312973267017;0,04910216792871202;0,052171053424256604;0,0030688854955445086;0,03375774045098965;-0,0030688854955445042;-0,02148219846881151;0,021482198468811397;-0,027619969459900494;0,04603328243316748;-0,027619969459900515;-0,006137770991089013;-0,006137770991089006;0,006137770991089001;0,01841331297326702;-0,018413312973266968;0,04603328243316753;-3,0664326033825216e-18;0,02761996945990054;0,03068885495544501;-1,3969304082075932e-17;-0,009206656486633536;0,03375774045098958;0,018413312973266774;0,05523993891980114
138;0,004648135965758242;-0,029438194449802092;-0,0139444078972747;0,007746893276263757;0,020141922518285667;0,013944407897274696;-0,017043165207780157;-0,004648135965758242;0,007746893276263727;0,02324067982879117;0,020141922518285716;-0,035635709070813044;0,020141922518285643;0,026339437139296627;0,02943819444980211;-0,05422825293384594;-0,023240679828791147;-0,05732701024435153;0,013944407897274668;0,020141922518285647;-0,03253695176030758;0,026339437139296627;0,057327010244351516;0,026339437139296654;-0,0015493786552527404;0,04183322369182409;0,017043165207780177;0,10070961259142858;0,09761085528092353;0,1131046418334505
139;0,046047649199473704;-0,06249323819928571;0,023023824599736852;0,023023824599736824;0,01644558899981202;0,016445588999812008;0,00657823559992482;-0,016445588999812053;0,039469413599548885;-0,026312942399699255;-0,04275853139951129;-0,062493238199285726;0,0493367669994361;-0,01644558899981205;0,039469413599548885;-0,02302382459973684;-0,05591500259936091;-0,04604764919947368;-0,006578235599924798;0,04275853139951127;-0,03289117799962407;0,01315647119984963;0,03618029579958648;0,06249323819928571;0,02960206019966166;0,11511912299868421;0,0460476491994737;0,1085408873987594;0,13156471199849623;0,12498647639857142
140;0,020790475154498014;-0,0719670293809548;0,04637875226772634;-0,03038607907195863;-0,03678314835026571;0,033584613711112155;0,017591940515344472;0,017591940515344486;0,02398900979365154;-0,023989009793651556;-0,023989009793651556;-0,04637875226772647;0,036783148350265714;0,03358461371111218;0,0015992673195767664;-0,01439340587619095;0,01439340587619094;-0,004797801958730323;-0,011194871237037383;0,06556996010264761;-0,039981682989419245;0,06556996010264766;0,052775821546033455;0,09755530649418309;-0,011194871237037397;0,09435677185503004;0,09115823721587633;0,119945048968258;0,13913625680317798;0,1519303953597928
141;-0,029853887437748274;-0,007856286167828496;0,004713771700697101;-0,02671137297061692;0,004713771700697106;-0,014141315102091259;0,0047137717006970935;-0,03928143083914262;0,05185148870766812;-0,03928143083914271;-0,05185148870766827;-0,04242394530627409;0,014141315102091314;0,014141315102091318;0,029853887437748403;-0,07070657551045656;0,004713771700697108;-0,014141315102091318;0,007856286167828526;0,06127903210906237;-0,00471377170069713;0,010998800634959909;0,02042634403635412;0,03613891637201115;-0,023568858503485522;0,020426344036354183;0,07070657551045657;0,05813651764193095;0,1052742346489019;0,0895616623132444
142;-0,017081958701211826;-0,022775944934949104;-0,056939862337372825;0,017081958701211836;0,011387972467474557;0,02277594493494913;-0,02562293805181776;-0,031316924285555055;-0,01992895181808051;0,005693986233737258;0,028469931168686395;-0,025622938051817833;0,03701091051929233;0,011387972467474557;0,011387972467474588;-0,04555188986989823;0,008540979350605932;-0,02277594493494914;0,048398882986766846;0,0028469931168686336;-0,039857903636160916;0,008540979350605929;0,02562293805181776;0,02277594493494911;-0,054092869220504144;-0,005693986233737324;-0,008540979350605908;0,04270489675302972;0,06832783480484722;0,06263384857110985
143;0,024781683401589635;-0,08600701886434044;0,05685209721541146;-0,03935914422605411;-0,05102111288562569;-0,06268308154519729;0,06559857371009017;-0,0014577460824464201;0,05102111288562569;-0,01311971474201806;-0,02769717556648253;-0,03644365206116119;0,018950699071803787;-0,018950699071803825;-0,007288730412232282;0,001457746082446455;-0,00728873041223225;0,0043732382473393675;-0,0014577460824464485;0,013119714742018024;-0,0568520972154115;0,02186619123669673;-0,00728873041223225;0,059767589380304395;0,021866191236696725;0,042274636390946974;0,09766898752391205;0,08017603453455467;0,045190128555839884;0,06851406587498308
144;0,021766122855270978;-0,05286058407708668;0,02176612285527099;-0,006218892244363173;-0,006218892244363134;0,009328338366544708;0,02798501509963418;-0,006218892244363173;0,031094461221815754;-0,00310944612218155;-0,043532245710542025;-0,046641691832723584;0,02798501509963419;0,009328338366544718;0,024875568977452578;-0,012437784488726322;-0,0404227995883604;-0,052860584077086756;0,031094461221815736;0,05907947632144984;-0,03420390734399734;0,018656676733089447;0,06218892244363141;0,0590794763214499;-0,00932833836654473;0,10261172203199141;0,0528605840770867;0,1181589526428992;0,15547230610907806;0,1368156293759886
145;0,0015656700981942283;-0,05166711324040882;0,001565670098194201;0,0015656700981942254;0,023485051472913028;0,007828350490971001;-0,010959690687359434;-0,029747731865689894;0,02661639166930148;-0,020353711276524605;-0,03601041225846668;-0,0673238142223509;0,03914175245485515;0,014091030883747835;0,01722237108013623;-0,017222371080136217;0,0234850514729131;-0,029747731865689905;0,017222371080136255;0,07045515441873924;-0,05166711324040882;0,023485051472913073;0,051667113240408756;0,07671783481151608;-0,0015656700981942057;0,07045515441873937;0,032879072062078324;0,07671783481151621;0,11116257697178737;0,07045515441873933
146;0,017682351674961103;-0,044205879187402694;1,3087569306040675e-17;0,008841175837480559;-1,2760380073389658e-17;0,01178823444997408;0,020629410287454582;0,029470586124935187;0,008841175837480553;-6,5437846530203376e-18;-0,011788234449974056;-0,03241764473742862;0,01768235167496109;-0,05009999641238974;-0,005894117224987019;-0,014735293062467581;-0,0029470586124934937;0,017682351674961096;-0,008841175837480559;0,014735293062467587;-0,011788234449974053;0,01473529306246755;0,029470586124935135;0,017682351674961096;-0,011788234449974084;0,017682351674961024;0,026523527512441535;0,05599411363737679;0,09430587559979293;0,08841175837480607
147;0,011823406096378952;-0,05320532743370533;0,005911703048189476;-0,026602663716852628;-5,250647071077342e-18;-0,0029558515240947327;0,011823406096378936;0,026602663716852656;0,017735109144568443;0,014779257620473725;-0,014779257620473657;-0,04433777286142115;0,029558515240947398;-1,5751941213232024e-17;0,011823406096378936;-0,026602663716852624;0,011823406096378983;-0,0029558515240947153;0,029558515240947394;0,005911703048189468;-0,05024947590961052;0,005911703048189448;-0,0029558515240947244;0,020690960668663116;1,1813955909924018e-17;0,09163139724693739;0,04138192133732621;0,1537042792529259;0,12118991248788387;0,13301331858426307
